ï»¿"Symbol  ","Series  ","Date  ","Prev Close  ","Open Price  ","High Price  ","Low Price  ","Last Price  ","Close Price  ","Average Price ","Total Traded Quantity  ","Turnover In Rs  ","No. of Trades  ","Deliverable Qty  ","% Dly Qt to Traded Qty  "
"ZENITHEXPO","BE","24-Feb-2025","252.60","252.60","252.60","240.00","240.00","240.00","241.33","507","1,22,356.25","30","-","-"
"ZENITHEXPO","BE","25-Feb-2025","240.00","228.50","230.60","228.40","229.50","229.60","229.42","642","1,47,287.60","38","-","-"
"ZENITHEXPO","BE","27-Feb-2025","229.60","219.10","241.05","219.10","240.00","240.25","229.01","969","2,21,912.80","35","-","-"
"ZENITHEXPO","BE","28-Feb-2025","240.25","245.25","252.25","244.65","252.25","252.25","250.07","644","1,61,045.00","37","-","-"
"ZENITHEXPO","BE","03-Mar-2025","252.25","255.10","255.10","239.65","239.65","239.70","250.24","313","78,324.95","25","-","-"
"ZENITHEXPO","BE","04-Mar-2025","239.70","239.75","240.90","227.75","227.75","228.40","230.38","721","1,66,101.65","26","-","-"
"ZENITHEXPO","BE","05-Mar-2025","228.40","227.75","227.75","217.00","227.00","227.00","219.60","1,554","3,41,256.05","39","-","-"
"ZENITHEXPO","BE","06-Mar-2025","227.00","228.10","228.10","215.65","219.00","219.00","217.90","255","55,565.60","17","-","-"
"ZENITHEXPO","BE","07-Mar-2025","219.00","219.00","219.00","219.00","219.00","219.00","219.00","225","49,275.00","16","-","-"
"ZENITHEXPO","BE","10-Mar-2025","219.00","219.00","219.15","219.00","219.10","219.10","219.09","194","42,502.65","8","-","-"
"ZENITHEXPO","BE","11-Mar-2025","219.10","219.20","219.20","208.15","216.00","216.00","217.82","79","17,208.15","7","-","-"
"ZENITHEXPO","BE","12-Mar-2025","216.00","216.00","216.00","211.70","216.00","216.00","214.36","118","25,294.50","12","-","-"
"ZENITHEXPO","BE","13-Mar-2025","216.00","217.00","217.00","215.00","215.10","215.10","215.13","437","94,013.10","15","-","-"
"ZENITHEXPO","BE","17-Mar-2025","215.10","215.10","215.10","213.00","213.00","213.00","213.79","191","40,834.00","15","-","-"
"ZENITHEXPO","BE","18-Mar-2025","213.00","202.50","223.65","202.35","206.40","203.05","204.31","1,132","2,31,274.55","28","-","-"
"ZENITHEXPO","BE","19-Mar-2025","203.05","202.05","202.05","202.00","202.05","202.05","202.04","145","29,296.00","13","-","-"
"ZENITHEXPO","BE","20-Mar-2025","202.05","202.35","211.95","193.00","211.95","211.95","195.79","432","84,581.60","29","-","-"
"ZENITHEXPO","BE","21-Mar-2025","211.95","211.95","221.95","201.50","220.00","220.00","209.14","1,786","3,73,524.40","22","-","-"
"ZENITHEXPO","BE","24-Mar-2025","220.00","214.50","215.00","210.00","215.00","215.00","211.69","670","1,41,829.50","23","-","-"
"ZENITHEXPO","EQ","25-Mar-2025","215.00","205.10","219.35","205.10","207.25","208.50","209.57","216","45,266.70","27","129","59.72"
"ZENITHEXPO","EQ","26-Mar-2025","208.50","207.00","213.45","207.00","213.00","213.00","210.06","123","25,837.40","13","118","95.93"
"ZENITHEXPO","EQ","27-Mar-2025","213.00","202.65","212.65","202.35","202.75","203.65","203.71","764","1,55,636.75","38","642","84.03"
"ZENITHEXPO","EQ","28-Mar-2025","203.65","203.65","212.40","203.65","211.65","211.65","205.24","125","25,655.60","7","125","100.00"
"ZENITHEXPO","EQ","01-Apr-2025","211.65","221.87","221.87","210.05","220.97","220.97","218.73","883","1,93,141.16","71","616","69.76"
"ZENITHEXPO","EQ","02-Apr-2025","220.97","224.90","230.00","211.50","213.05","213.04","217.54","1,561","3,39,587.08","68","696","44.59"
"ZENITHEXPO","EQ","03-Apr-2025","213.04","202.66","223.00","202.66","220.84","221.27","214.67","304","65,258.36","28","294","96.71"
"ZENITHEXPO","EQ","04-Apr-2025","221.27","211.00","221.00","211.00","218.99","218.39","215.16","170","36,577.13","24","121","71.18"
"ZENITHEXPO","EQ","07-Apr-2025","218.39","196.55","236.40","196.55","221.90","216.76","218.50","1,159","2,53,237.13","104","454","39.17"
"ZENITHEXPO","EQ","08-Apr-2025","216.76","236.99","236.99","205.43","220.85","215.24","215.79","2,733","5,89,751.17","177","708","25.91"
"ZENITHEXPO","EQ","09-Apr-2025","215.24","219.40","221.80","206.00","219.39","212.37","213.27","2,412","5,14,417.48","160","814","33.75"
"ZENITHEXPO","EQ","11-Apr-2025","212.37","202.55","219.28","202.55","205.10","207.92","209.76","354","74,256.33","84","157","44.35"
"ZENITHEXPO","EQ","15-Apr-2025","207.92","204.00","228.71","204.00","223.00","224.04","225.63","1,167","2,63,314.11","89","610","52.27"
"ZENITHEXPO","EQ","16-Apr-2025","224.04","224.04","234.32","218.40","232.70","226.02","226.06","2,698","6,09,921.23","142","630","23.35"
"ZENITHEXPO","EQ","17-Apr-2025","226.02","225.85","239.90","215.70","224.25","230.47","229.76","8,475","19,47,200.85","434","1,275","15.04"
"ZENITHEXPO","EQ","21-Apr-2025","230.47","253.08","253.08","240.00","252.00","248.60","248.25","5,846","14,51,251.94","373","1,750","29.93"
"ZENITHEXPO","EQ","22-Apr-2025","248.60","254.00","273.46","254.00","273.46","273.46","270.82","4,644","12,57,708.40","122","1,840","39.62"
"ZENITHEXPO","EQ","23-Apr-2025","273.46","287.13","287.13","279.10","287.13","287.13","286.86","4,573","13,11,806.88","109","2,810","61.45"
"ZENITHEXPO","EQ","24-Apr-2025","287.13","301.48","301.48","292.01","301.48","301.48","298.44","7,318","21,83,990.65","418","3,135","42.84"
"ZENITHEXPO","EQ","25-Apr-2025","301.48","311.80","315.99","286.40","286.40","286.40","302.20","6,999","21,15,104.10","363","3,205","45.79"
"ZENITHEXPO","EQ","28-Apr-2025","286.40","283.30","286.40","272.08","272.08","272.08","276.68","1,686","4,66,487.13","109","894","53.02"
"ZENITHEXPO","EQ","29-Apr-2025","272.08","270.00","279.39","261.00","261.00","264.02","265.24","1,852","4,91,216.61","156","1,288","69.55"
"ZENITHEXPO","EQ","30-Apr-2025","264.02","264.02","264.02","251.64","264.00","252.17","253.58","376","95,344.33","44","154","40.96"
"ZENITHEXPO","BE","02-May-2025","252.17","251.00","251.00","239.60","251.00","251.00","244.20","100","24,420.25","13","-","-"
"ZENITHEXPO","BE","05-May-2025","251.00","244.05","254.00","244.00","254.00","254.00","244.21","149","36,387.25","9","-","-"
"ZENITHEXPO","BE","06-May-2025","254.00","254.00","254.00","250.95","250.95","250.95","251.83","16","4,029.30","3","-","-"
"ZENITHEXPO","BE","07-May-2025","250.95","240.10","245.00","238.40","245.00","245.00","240.36","242","58,168.20","7","-","-"
"ZENITHEXPO","BE","08-May-2025","245.00","244.80","245.00","233.40","235.10","235.10","235.33","234","55,066.25","12","-","-"
"ZENITHEXPO","BE","09-May-2025","235.10","235.10","235.10","223.40","223.40","223.40","229.25","4","917.00","3","-","-"
"ZENITHEXPO","BE","12-May-2025","223.40","223.40","233.15","223.40","233.00","233.00","232.20","351","81,502.40","10","-","-"
"ZENITHEXPO","BE","13-May-2025","233.00","240.00","244.65","234.55","244.65","244.65","240.55","405","97,422.95","13","-","-"
"ZENITHEXPO","BE","14-May-2025","244.65","255.00","256.85","255.00","256.85","256.85","256.21","299","76,607.15","14","-","-"
"ZENITHEXPO","BE","15-May-2025","256.85","244.00","262.90","244.00","262.80","262.80","247.69","465","1,15,174.90","18","-","-"
"ZENITHEXPO","BE","16-May-2025","262.80","250.15","268.85","250.15","266.70","266.70","260.46","434","1,13,038.80","16","-","-"
"ZENITHEXPO","BE","19-May-2025","266.70","267.00","273.70","253.40","258.00","258.00","267.40","258","68,989.10","22","-","-"
"ZENITHEXPO","BE","21-May-2025","258.00","258.00","258.00","258.00","258.00","258.00","258.00","60","15,480.00","4","-","-"
"ZENITHEXPO","BE","22-May-2025","258.00","251.55","269.90","245.15","269.90","250.10","249.23","722","1,79,942.85","22","-","-"
"ZENITHEXPO","BE","23-May-2025","250.10","262.00","262.60","250.00","259.95","259.95","256.75","522","1,34,025.10","14","-","-"
"ZENITHEXPO","BE","26-May-2025","259.95","259.00","259.00","256.95","257.00","257.00","257.25","156","40,131.20","8","-","-"
"ZENITHEXPO","BE","27-May-2025","257.00","268.70","268.70","268.70","268.70","268.70","268.70","40","10,748.00","1","-","-"
"ZENITHEXPO","BE","28-May-2025","268.70","268.70","268.70","255.60","267.70","267.70","263.61","119","31,369.70","7","-","-"
"ZENITHEXPO","BE","29-May-2025","267.70","255.35","269.95","255.00","268.95","268.95","255.83","448","1,14,612.50","14","-","-"
"ZENITHEXPO","BE","30-May-2025","268.95","268.90","272.80","268.90","270.00","270.00","271.47","456","1,23,789.95","10","-","-"
"ZENITHEXPO","BE","02-Jun-2025","270.00","283.50","283.50","256.50","268.75","268.75","262.73","432","1,13,497.90","18","-","-"
"ZENITHEXPO","BE","03-Jun-2025","268.75","255.60","255.60","255.60","255.60","255.60","255.60","3","766.80","2","-","-"
"ZENITHEXPO","BE","04-Jun-2025","255.60","255.60","257.00","243.05","245.50","245.50","244.86","197","48,238.30","16","-","-"
"ZENITHEXPO","BE","05-Jun-2025","245.50","255.00","257.75","255.00","257.75","257.75","257.01","332","85,327.50","12","-","-"
"ZENITHEXPO","BE","06-Jun-2025","257.75","257.75","258.00","257.00","257.00","257.70","257.67","517","1,33,217.50","20","-","-"
"ZENITHEXPO","BE","09-Jun-2025","257.70","258.00","258.00","245.50","245.50","245.50","257.48","164","42,227.00","13","-","-"
"ZENITHEXPO","BE","10-Jun-2025","245.50","240.00","257.75","240.00","250.10","252.05","252.45","450","1,13,602.40","24","-","-"
"ZENITHEXPO","BE","11-Jun-2025","252.05","252.05","252.05","250.20","250.30","250.30","250.62","162","40,600.60","4","-","-"
"ZENITHEXPO","BE","12-Jun-2025","250.30","250.00","250.00","248.75","250.00","250.00","249.87","56","13,992.50","7","-","-"
"ZENITHEXPO","BE","13-Jun-2025","250.00","239.05","250.00","239.05","250.00","250.00","248.86","62","15,429.45","5","-","-"
"ZENITHEXPO","BE","16-Jun-2025","250.00","262.40","262.40","250.10","255.00","255.00","257.66","781","2,01,229.55","22","-","-"
"ZENITHEXPO","EQ","17-Jun-2025","255.00","263.95","263.95","250.00","263.95","258.30","257.87","605","1,56,012.60","61","533","88.10"
"ZENITHEXPO","EQ","18-Jun-2025","258.30","264.75","270.00","252.00","255.95","255.65","257.27","915","2,35,402.65","50","591","64.59"
"ZENITHEXPO","EQ","19-Jun-2025","255.65","255.00","255.00","246.00","246.00","246.00","248.58","96","23,864.00","7","52","54.17"
"ZENITHEXPO","EQ","20-Jun-2025","246.00","234.00","257.40","234.00","246.70","246.90","249.98","129","32,247.55","33","81","62.79"
"ZENITHEXPO","EQ","23-Jun-2025","246.90","249.10","249.10","240.45","242.00","242.25","246.80","299","73,794.65","17","255","85.28"
"ZENITHEXPO","EQ","24-Jun-2025","242.25","253.85","253.85","244.55","249.15","249.10","249.17","246","61,296.80","42","173","70.33"
"ZENITHEXPO","EQ","25-Jun-2025","249.10","258.00","258.00","241.55","243.15","245.95","247.02","412","1,01,771.70","38","218","52.91"
"ZENITHEXPO","EQ","26-Jun-2025","245.95","244.75","248.30","237.30","238.00","238.50","242.41","1,243","3,01,320.25","83","1,021","82.14"
"ZENITHEXPO","EQ","27-Jun-2025","238.50","240.85","245.00","232.40","239.35","239.95","238.53","2,067","4,93,038.40","56","1,691","81.81"
"ZENITHEXPO","EQ","30-Jun-2025","239.95","239.35","245.00","239.10","243.90","243.90","242.45","759","1,84,023.20","41","713","93.94"
"ZENITHEXPO","EQ","01-Jul-2025","243.90","243.90","248.33","242.00","247.98","247.62","243.71","3,762","9,16,852.82","135","1,891","50.27"
"ZENITHEXPO","EQ","02-Jul-2025","247.62","250.00","251.05","241.00","241.00","243.47","247.93","57","14,131.84","26","29","50.88"
"ZENITHEXPO","EQ","03-Jul-2025","243.47","248.96","248.96","238.41","240.00","240.10","240.99","1,542","3,71,605.42","64","990","64.20"
"ZENITHEXPO","EQ","04-Jul-2025","240.10","242.00","245.00","235.40","235.50","241.03","238.77","453","1,08,162.90","67","342","75.50"
"ZENITHEXPO","EQ","07-Jul-2025","241.03","241.00","250.90","237.51","246.94","245.82","245.48","4,687","11,50,568.78","234","1,873","39.96"
"ZENITHEXPO","EQ","08-Jul-2025","245.82","243.50","251.95","240.00","240.00","243.17","245.79","3,269","8,03,492.41","195","1,345","41.14"
"ZENITHEXPO","EQ","09-Jul-2025","243.17","248.21","248.99","240.00","240.00","241.71","244.24","1,308","3,19,462.32","168","655","50.08"
"ZENITHEXPO","EQ","10-Jul-2025","241.71","246.10","253.45","238.00","241.00","246.79","245.56","752","1,84,658.76","92","484","64.36"
"ZENITHEXPO","EQ","11-Jul-2025","246.79","243.00","248.39","241.00","247.25","247.22","246.41","2,016","4,96,766.81","110","1,521","75.45"
"ZENITHEXPO","EQ","14-Jul-2025","247.22","247.50","250.00","241.00","247.00","243.84","244.93","3,656","8,95,457.17","117","838","22.92"
"ZENITHEXPO","EQ","15-Jul-2025","243.84","240.00","249.00","238.96","242.46","245.66","245.27","3,021","7,40,964.61","180","356","11.78"
"ZENITHEXPO","EQ","16-Jul-2025","245.66","243.40","247.99","241.00","242.85","242.86","243.52","474","1,15,429.34","59","74","15.61"
"ZENITHEXPO","EQ","17-Jul-2025","242.86","242.85","245.00","232.10","239.40","236.68","240.06","1,350","3,24,083.58","153","922","68.30"
"ZENITHEXPO","EQ","18-Jul-2025","236.68","246.78","246.78","231.40","233.50","236.36","236.47","521","1,23,202.68","80","244","46.83"
"ZENITHEXPO","EQ","21-Jul-2025","236.36","242.00","246.15","230.20","230.40","232.62","235.37","224","52,722.91","49","93","41.52"
"ZENITHEXPO","EQ","22-Jul-2025","232.62","241.98","241.98","232.51","237.70","237.10","236.50","743","1,75,723.16","79","639","86.00"
"ZENITHEXPO","EQ","23-Jul-2025","237.10","231.10","240.01","231.10","231.76","235.36","236.82","952","2,25,452.60","111","718","75.42"
"ZENITHEXPO","EQ","24-Jul-2025","235.36","226.00","237.35","226.00","234.82","235.81","232.61","422","98,162.93","30","319","75.59"
"ZENITHEXPO","EQ","25-Jul-2025","235.81","233.00","239.90","229.91","231.55","231.60","235.42","2,438","5,73,942.22","149","1,008","41.35"
"ZENITHEXPO","EQ","28-Jul-2025","231.60","234.72","236.92","226.00","236.90","232.18","231.75","627","1,45,310.17","111","443","70.65"
"ZENITHEXPO","EQ","29-Jul-2025","232.18","231.90","232.00","221.30","223.00","224.33","224.30","580","1,30,096.30","45","412","71.03"
"ZENITHEXPO","EQ","30-Jul-2025","224.33","234.89","234.89","216.50","216.50","224.83","227.15","193","43,839.13","26","161","83.42"
"ZENITHEXPO","EQ","31-Jul-2025","224.83","218.00","233.84","218.00","218.04","218.15","218.16","102","22,251.88","5","100","98.04"
"ZENITHEXPO","EQ","01-Aug-2025","218.15","208.01","228.84","208.01","220.00","220.00","220.76","178","39,295.79","20","138","77.53"
"ZENITHEXPO","EQ","04-Aug-2025","220.00","220.00","230.95","220.00","230.95","230.33","229.46","350","80,310.01","26","255","72.86"
"ZENITHEXPO","EQ","05-Aug-2025","230.33","230.33","234.00","220.41","232.99","232.99","229.05","61","13,971.95","10","44","72.13"
"ZENITHEXPO","EQ","06-Aug-2025","232.99","232.99","243.00","221.34","221.34","222.84","227.02","590","1,33,941.78","129","428","72.54"
"ZENITHEXPO","EQ","07-Aug-2025","222.84","222.84","240.94","219.00","224.80","224.80","226.35","168","38,027.21","34","116","69.05"
"ZENITHEXPO","EQ","08-Aug-2025","224.80","225.00","246.96","213.00","220.05","219.29","221.90","1,195","2,65,173.91","114","699","58.49"
"ZENITHEXPO","EQ","11-Aug-2025","219.29","210.51","230.00","210.51","228.85","228.84","219.52","885","1,94,279.54","63","590","66.67"
"ZENITHEXPO","EQ","12-Aug-2025","228.84","228.85","232.99","220.01","228.99","226.67","227.80","122","27,791.82","20","43","35.25"
"ZENITHEXPO","EQ","13-Aug-2025","226.67","240.00","240.00","212.00","220.00","218.83","223.46","2,492","5,56,872.18","242","1,736","69.66"
"ZENITHEXPO","EQ","14-Aug-2025","218.83","215.00","238.00","215.00","222.00","221.61","220.86","200","44,172.00","45","106","53.00"
"ZENITHEXPO","EQ","18-Aug-2025","221.61","239.69","239.69","206.77","220.40","222.45","224.92","1,061","2,38,640.70","89","538","50.71"
"ZENITHEXPO","EQ","19-Aug-2025","222.45","221.40","244.69","221.40","230.70","230.96","238.93","6,175","14,75,368.24","257","2,370","38.38"
"ZENITHEXPO","EQ","20-Aug-2025","230.96","230.40","240.00","222.35","226.60","226.61","231.81","1,370","3,17,581.55","280","186","13.58"
"ZENITHEXPO","EQ","21-Aug-2025","226.61","240.00","249.27","225.50","247.00","245.26","243.15","4,228","10,28,044.87","340","2,301","54.42"
"ZENITHEXPO","EQ","22-Aug-2025","245.26","253.98","269.00","237.40","250.00","250.98","253.79","8,977","22,78,307.07","615","2,612","29.10"
"ZENITHEXPO","EQ","25-Aug-2025","250.98","247.20","257.00","235.00","235.00","244.22","244.81","2,311","5,65,746.36","220","962","41.63"
"ZENITHEXPO","EQ","26-Aug-2025","244.22","245.89","245.89","230.00","230.00","231.49","235.40","442","1,04,044.78","49","333","75.34"
"ZENITHEXPO","EQ","28-Aug-2025","231.49","225.00","235.00","220.00","228.10","228.80","227.86","199","45,344.09","27","170","85.43"
"ZENITHEXPO","EQ","29-Aug-2025","228.80","233.00","251.68","226.45","251.68","251.68","246.26","2,720","6,69,832.64","190","1,906","70.07"
"ZENITHEXPO","EQ","01-Sep-2025","251.68","258.05","276.85","258.00","276.85","276.85","275.40","5,481","15,09,459.75","241","3,421","62.42"
"ZENITHEXPO","EQ","02-Sep-2025","276.85","299.00","304.50","278.20","304.50","304.50","301.57","4,425","13,34,459.95","104","3,712","83.89"
"ZENITHEXPO","EQ","03-Sep-2025","304.50","309.10","334.95","309.10","334.95","334.95","328.87","25,739","84,64,732.45","913","5,681","22.07"
"ZENITHEXPO","EQ","04-Sep-2025","334.95","351.65","351.65","318.20","318.20","322.70","342.47","16,872","57,78,189.45","958","8,106","48.04"
"ZENITHEXPO","EQ","05-Sep-2025","322.70","318.95","324.00","306.60","306.60","306.60","310.88","7,990","24,83,918.60","388","4,009","50.18"
"ZENITHEXPO","EQ","08-Sep-2025","306.60","306.60","306.60","291.30","291.30","291.30","292.87","2,321","6,79,762.20","105","1,494","64.37"
"ZENITHEXPO","EQ","09-Sep-2025","291.30","280.20","293.90","276.75","276.75","276.75","277.92","1,359","3,77,695.10","122","900","66.23"
"ZENITHEXPO","EQ","10-Sep-2025","276.75","270.00","290.55","262.95","288.00","288.05","285.93","13,133","37,55,143.70","642","9,092","69.23"
"ZENITHEXPO","EQ","11-Sep-2025","288.05","300.00","300.00","276.35","276.35","285.05","287.25","9,038","25,96,154.05","553","2,759","30.53"
"ZENITHEXPO","EQ","12-Sep-2025","285.05","279.35","295.70","279.35","283.35","285.70","287.58","1,603","4,60,988.45","102","1,240","77.35"
"ZENITHEXPO","EQ","15-Sep-2025","285.70","294.40","294.40","277.45","278.00","281.75","283.61","935","2,65,179.10","119","548","58.61"
"ZENITHEXPO","EQ","16-Sep-2025","281.75","289.35","289.35","274.00","282.35","284.50","284.10","2,364","6,71,619.05","156","2,051","86.76"
"ZENITHEXPO","EQ","17-Sep-2025","284.50","294.60","294.60","275.00","286.20","284.50","284.84","1,868","5,32,080.00","165","844","45.18"
"ZENITHEXPO","EQ","18-Sep-2025","284.50","280.40","289.40","276.50","276.50","277.70","280.94","953","2,67,739.20","80","516","54.14"
"ZENITHEXPO","EQ","19-Sep-2025","277.70","280.00","288.00","271.40","287.90","287.10","280.64","3,030","8,50,343.70","163","2,367","78.12"
"ZENITHEXPO","EQ","22-Sep-2025","287.10","287.40","287.40","277.00","281.00","279.20","279.39","1,123","3,13,751.80","83","455","40.52"
"ZENITHEXPO","EQ","23-Sep-2025","279.20","285.00","285.00","270.35","282.90","274.15","276.48","592","1,63,678.65","60","374","63.18"
"ZENITHEXPO","EQ","24-Sep-2025","274.15","262.50","278.35","260.60","261.00","263.60","264.50","2,933","7,75,778.20","167","1,639","55.88"
"ZENITHEXPO","EQ","25-Sep-2025","263.60","263.60","267.45","253.50","255.20","259.60","259.88","321","83,420.50","51","237","73.83"
"ZENITHEXPO","EQ","26-Sep-2025","259.60","255.20","265.35","248.55","248.55","249.55","251.77","831","2,09,224.75","112","519","62.45"
"ZENITHEXPO","EQ","29-Sep-2025","249.55","247.05","247.05","240.50","246.80","246.15","244.36","249","60,844.55","16","231","92.77"
"ZENITHEXPO","EQ","30-Sep-2025","246.15","245.00","256.70","243.70","245.60","245.75","248.44","280","69,562.35","36","148","52.86"
"ZENITHEXPO","EQ","01-Oct-2025","245.75","245.75","258.03","240.41","258.03","256.07","253.90","897","2,27,745.76","96","438","48.83"
"ZENITHEXPO","EQ","03-Oct-2025","256.07","259.97","262.00","246.40","261.80","256.62","256.44","306","78,472.07","53","207","67.65"
"ZENITHEXPO","EQ","06-Oct-2025","256.62","245.01","260.00","245.01","245.95","246.83","247.15","490","1,21,103.48","36","262","53.47"
"ZENITHEXPO","EQ","07-Oct-2025","246.83","247.40","258.90","247.40","258.89","258.89","255.08","234","59,689.74","22","176","75.21"
"ZENITHEXPO","EQ","08-Oct-2025","258.89","258.89","258.89","253.00","253.41","253.57","253.66","434","1,10,088.39","18","350","80.65"
"ZENITHEXPO","EQ","09-Oct-2025","253.57","245.00","253.60","245.00","247.55","247.60","246.95","93","22,966.50","16","47","50.54"
"ZENITHEXPO","EQ","10-Oct-2025","247.60","248.00","255.00","245.00","255.00","245.96","246.54","86","21,202.59","19","61","70.93"
"ZENITHEXPO","EQ","13-Oct-2025","245.96","243.40","250.00","238.00","238.00","241.06","242.67","431","1,04,591.83","31","318","73.78"
"ZENITHEXPO","EQ","14-Oct-2025","241.06","238.00","244.00","238.00","238.00","238.41","238.67","260","62,053.85","16","240","92.31"
"ZENITHEXPO","EQ","15-Oct-2025","238.41","247.50","247.50","238.00","238.00","238.35","244.16","385","94,001.10","65","281","72.99"
"ZENITHEXPO","EQ","16-Oct-2025","238.35","245.00","247.80","235.02","235.05","235.13","238.87","315","75,243.59","28","205","65.08"
"ZENITHEXPO","EQ","17-Oct-2025","235.13","236.00","244.80","236.00","244.80","243.70","243.58","279","67,959.17","18","176","63.08"
"ZENITHEXPO","EQ","20-Oct-2025","243.70","235.96","248.99","235.96","240.00","240.00","240.21","307","73,745.98","21","230","74.92"
"ZENITHEXPO","EQ","21-Oct-2025","240.00","244.80","244.80","236.00","236.00","238.21","238.66","214","51,073.30","12","185","86.45"
"ZENITHEXPO","EQ","23-Oct-2025","238.21","240.40","249.00","236.40","237.10","238.70","243.30","390","94,885.68","41","241","61.79"
"ZENITHEXPO","EQ","24-Oct-2025","238.70","236.01","246.98","236.01","245.70","236.97","236.95","234","55,445.95","23","204","87.18"
"ZENITHEXPO","EQ","27-Oct-2025","236.97","235.02","247.00","235.02","236.15","239.60","240.43","224","53,856.36","27","163","72.77"
"ZENITHEXPO","EQ","28-Oct-2025","239.60","240.00","250.00","238.16","250.00","247.06","245.99","375","92,246.35","38","223","59.47"
"ZENITHEXPO","EQ","29-Oct-2025","247.06","246.00","253.00","236.10","244.40","248.49","241.87","488","1,18,034.58","98","307","62.91"
"ZENITHEXPO","EQ","30-Oct-2025","248.49","248.70","248.70","238.04","239.51","242.77","242.08","343","83,034.65","41","213","62.10"
"ZENITHEXPO","EQ","31-Oct-2025","242.77","242.77","246.40","233.00","233.00","234.71","238.37","451","1,07,502.93","41","320","70.95"
"ZENITHEXPO","EQ","03-Nov-2025","234.71","235.00","243.00","235.00","235.00","235.00","236.88","351","83,145.21","24","223","63.53"
"ZENITHEXPO","EQ","04-Nov-2025","235.00","235.00","243.98","235.00","241.70","238.32","238.83","247","58,991.92","45","121","48.99"
"ZENITHEXPO","EQ","06-Nov-2025","238.32","243.98","243.98","228.41","242.40","241.48","238.62","455","1,08,570.97","31","333","73.19"
"ZENITHEXPO","EQ","07-Nov-2025","241.48","230.04","239.80","229.50","230.00","230.35","231.50","606","1,40,290.61","74","378","62.38"
"ZENITHEXPO","EQ","10-Nov-2025","230.35","231.00","238.00","222.10","224.10","224.34","226.02","666","1,50,528.85","38","467","70.12"
"ZENITHEXPO","EQ","11-Nov-2025","224.34","222.22","227.60","222.22","222.22","222.43","224.26","293","65,707.70","40","237","80.89"
"ZENITHEXPO","EQ","12-Nov-2025","222.43","221.32","228.88","221.00","221.00","221.47","221.64","114","25,267.34","15","58","50.88"
"ZENITHEXPO","EQ","13-Nov-2025","221.47","220.00","232.54","220.00","230.56","230.56","230.58","657","1,51,493.72","41","592","90.11"
"ZENITHEXPO","EQ","14-Nov-2025","230.56","236.32","237.00","224.52","237.00","236.39","233.56","98","22,889.16","12","53","54.08"
"ZENITHEXPO","EQ","17-Nov-2025","236.39","236.39","236.39","225.00","225.00","225.03","230.90","570","1,31,614.51","20","426","74.74"
"ZENITHEXPO","EQ","18-Nov-2025","225.03","227.00","236.28","220.00","223.13","223.13","224.83","1,274","2,86,429.65","86","705","55.34"
"ZENITHEXPO","EQ","19-Nov-2025","223.13","223.13","233.90","223.13","233.85","233.75","230.34","346","79,699.12","23","178","51.45"
"ZENITHEXPO","EQ","20-Nov-2025","233.75","233.85","245.43","224.30","226.42","230.26","237.76","1,790","4,25,586.26","122","692","38.66"
"ZENITHEXPO","EQ","21-Nov-2025","230.26","227.96","240.90","227.10","240.90","239.94","239.49","1,111","2,66,072.76","18","932","83.89"
"ZENITHEXPO","EQ","24-Nov-2025","239.94","227.94","244.86","227.94","244.86","242.92","235.62","460","1,08,385.01","56","331","71.96"
"ZENITHEXPO","EQ","25-Nov-2025","242.92","252.00","252.00","239.00","249.97","240.37","242.99","83","20,168.58","25","61","73.49"
"ZENITHEXPO","EQ","26-Nov-2025","240.37","248.00","251.00","233.66","251.00","247.84","244.82","838","2,05,162.85","33","515","61.46"
"ZENITHEXPO","EQ","27-Nov-2025","247.84","249.99","250.00","240.40","247.83","245.83","246.47","749","1,84,603.97","27","427","57.01"
"ZENITHEXPO","EQ","28-Nov-2025","245.83","245.83","252.99","242.00","250.95","250.97","248.90","222","55,255.97","39","135","60.81"
"ZENITHEXPO","EQ","01-Dec-2025","250.97","240.25","250.95","240.25","250.95","245.75","246.57","3,191","7,86,813.10","137","2,042","63.99"
"ZENITHEXPO","EQ","02-Dec-2025","245.75","250.00","254.50","238.00","238.00","242.00","245.82","1,238","3,04,327.05","112","863","69.71"
"ZENITHEXPO","EQ","03-Dec-2025","242.00","241.80","242.00","235.00","235.50","237.00","236.73","613","1,45,112.80","124","130","21.21"
"ZENITHEXPO","EQ","04-Dec-2025","237.00","233.40","237.50","226.35","237.00","228.15","228.22","995","2,27,078.40","31","785","78.89"
"ZENITHEXPO","EQ","05-Dec-2025","228.15","233.00","239.00","227.50","239.00","237.25","234.80","1,270","2,98,194.05","51","633","49.84"
"ZENITHEXPO","EQ","08-Dec-2025","237.25","239.55","248.00","232.40","234.40","234.40","241.48","826","1,99,465.90","42","499","60.41"
"ZENITHEXPO","EQ","09-Dec-2025","234.40","231.50","234.40","231.50","234.40","234.40","232.97","160","37,274.80","37","153","95.63"
"ZENITHEXPO","EQ","10-Dec-2025","234.40","234.40","242.40","231.00","232.00","234.70","237.45","1,682","3,99,389.05","116","1,258","74.79"
"ZENITHEXPO","EQ","11-Dec-2025","234.70","234.00","243.40","227.00","242.00","241.40","234.20","2,542","5,95,342.80","185","2,094","82.38"
"ZENITHEXPO","EQ","12-Dec-2025","241.40","237.80","249.30","233.90","244.90","245.00","242.57","2,811","6,81,869.10","129","2,466","87.73"
"ZENITHEXPO","EQ","15-Dec-2025","245.00","244.90","249.00","235.40","247.95","243.95","239.90","2,590","6,21,343.15","240","2,046","79.00"
"ZENITHEXPO","EQ","16-Dec-2025","243.95","243.95","247.40","232.00","232.00","234.85","239.25","2,257","5,39,983.35","213","1,352","59.90"
"ZENITHEXPO","EQ","17-Dec-2025","234.85","234.90","244.80","230.45","244.80","238.55","235.58","1,379","3,24,861.90","78","1,287","93.33"
"ZENITHEXPO","EQ","18-Dec-2025","238.55","250.00","250.00","229.00","230.00","229.45","236.28","1,032","2,43,844.85","98","524","50.78"