SYMBOL,NAME OF COMPANY,FACE VALUE
20MICRONS,20 Microns Limited,5
21STCENMGM,21st Century Management Services Limited,10
360ONE,360 ONE WAM LIMITED,1
3IINFOLTD,3i Infotech Limited,10
3MINDIA,3M India Limited,10
3PLAND,3P Land Holdings Limited,2
5PAISA,5Paisa Capital Limited,10
63MOONS,63 moons technologies limited,2
A2ZINFRA,A2Z Infra Engineering Limited,10
AADHARHFC,Aadhar Housing Finance Limited,10
AAKASH,Aakash Exploration Services Limited,1
AARON,Aaron Industries Limited,10
AARTECH,Aartech Solonics Limited,5
AARTIDRUGS,Aarti Drugs Limited,10
AARTIIND,Aarti Industries Limited,5
AARTIPHARM,Aarti Pharmalabs Limited,5
AARTISURF,Aarti Surfactants Limited,10
AARVI,Aarvi Encon Limited,10
AAVAS,Aavas Financiers Limited,10
ABB,ABB India Limited,2
ABBOTINDIA,Abbott India Limited,10
ABCAPITAL,Aditya Birla Capital Limited,10
ABCOTS,A B Cotspin India Limited,10
ABDL,Allied Blenders and Distillers Limited,2
ABFRL,Aditya Birla Fashion and Retail Limited,10
ABINFRA,A B Infrabuild Limited,1
ABLBL,Aditya Birla Lifestyle Brands Limited,10
ABMINTLLTD,ABM International Limited,10
ABREL,Aditya Birla Real Estate Limited,10
ABSLAMC,Aditya Birla Sun Life AMC Limited,5
ACC,ACC Limited,10
ACCELYA,Accelya Solutions India Limited,10
ACCURACY,Accuracy Shipping Limited,1
ACE,Action Construction Equipment Limited,2
ACEINTEG,Ace Integrated Solutions Limited,10
ACI,Archean Chemical Industries Limited,2
ACL,Andhra Cements Limited,10
ACMESOLAR,Acme Solar Holdings Limited,2
ACUTAAS,Acutaas Chemicals Limited,5
ADANIENSOL,Adani Energy Solutions Limited,10
ADANIENT,Adani Enterprises Limited,1
ADANIGREEN,Adani Green Energy Limited,10
ADANIPORTS,Adani Ports and Special Economic Zone Limited,2
ADANIPOWER,Adani Power Limited,2
ADFFOODS,ADF Foods Limited,2
ADL,Archidply Decor Limited,10
ADOR,Ador Welding Limited,10
ADROITINFO,Adroit Infotech Limited,10
ADSL,Allied Digital Services Limited,5
ADVANCE,Advance Agrolife Limited,10
ADVANIHOTR,Advani Hotels & Resorts (India) Limited,2
ADVENTHTL,Advent Hotels International Limited,10
ADVENZYMES,Advanced Enzyme Technologies Limited,2
AEGISLOG,Aegis Logistics Limited,1
AEGISVOPAK,Aegis Vopak Terminals Limited,10
AEQUS,Aequs Limited,10
AEROENTER,Aeroflex Enterprises Limited,2
AEROFLEX,Aeroflex Industries Limited,2
AERONEU,Aeroflex Neu Limited,10
AETHER,Aether Industries Limited,10
AFCONS,Afcons Infrastructure Limited,10
AFFLE,Affle 3i Limited,2
AFFORDABLE,Affordable Robotic & Automation Limited,10
AFIL,Akme Fintrade (India) Limited,1
AFSL,Abans Financial Services Limited,2
AGARIND,Agarwal Industrial Corporation Limited,10
AGARWALEYE,Dr. Agarwal's Health Care Limited,1
AGI,AGI Greenpac Limited,2
AGIIL,Agi Infra Limited,1
AGRITECH,Agri-Tech (India) Limited,10
AGROPHOS,Agro Phos India Limited,10
AHLADA,Ahlada Engineers Limited,10
AHLEAST,Asian Hotels (East) Limited,10
AHLUCONT,Ahluwalia Contracts (India) Limited,2
AIAENG,AIA Engineering Limited,2
AIIL,Authum Investment & Infrastructure Limited,1
AIRAN,Airan Limited,2
AIROLAM,Airo Lam limited,10
AJANTPHARM,Ajanta Pharma Limited,2
AJAXENGG,Ajax Engineering Limited,1
AJMERA,Ajmera Realty & Infra India Limited,10
AJOONI,Ajooni Biotech Limited,2
AKASH,Akash Infra-Projects Limited,10
AKG,Akg Exim Limited,10
AKI,AKI India Limited,2
AKSHAR,Akshar Spintex Limited,1
AKSHARCHEM,AksharChem India Limited,10
AKSHOPTFBR,Aksh Optifibre Limited,5
AKUMS,Akums Drugs and Pharmaceuticals Limited,2
AKZOINDIA,Akzo Nobel India Limited,10
ALANKIT,Alankit Limited,1
ALBERTDAVD,Albert David Limited,10
ALEMBICLTD,Alembic Limited,2
ALICON,Alicon Castalloy Limited,5
ALIVUS,Alivus Life Sciences Limited,2
ALKALI,Alkali Metals Limited,10
ALKEM,Alkem Laboratories Limited,2
ALKYLAMINE,Alkyl Amines Chemicals Limited,2
ALLCARGO,Allcargo Logistics Limited,2
ALLDIGI,Alldigi Tech Limited,10
ALLTIME,All Time Plastics Limited,2
ALMONDZ,Almondz Global Securities Limited,1
ALOKINDS,Alok Industries Limited,1
ALPA,Alpa Laboratories Limited,10
ALPHAGEO,Alphageo (India) Limited,10
ALPSINDUS,Alps Industries Limited,10
AMANTA,Amanta Healthcare Limited,10
AMBER,Amber Enterprises India Limited,10
AMBICAAGAR,Ambica Agarbathies & Aroma industries Limited,10
AMBIKCO,Ambika Cotton Mills Limited,10
AMBUJACEM,Ambuja Cements Limited,2
AMDIND,AMD Industries Limited,10
AMJLAND,Amj Land Holdings Limited,2
AMNPLST,Amines & Plasticizers Limited,2
AMRUTANJAN,Amrutanjan Health Care Limited,1
ANANDRATHI,Anand Rathi Wealth Limited,5
ANANTRAJ,Anant Raj Limited,2
ANDHRAPAP,ANDHRA PAPER LIMITED,2
ANDHRSUGAR,The Andhra Sugars Limited,2
ANGELONE,Angel One Limited,10
ANIKINDS,Anik Industries Limited,10
ANMOL,Anmol India Limited,10
ANTELOPUS,Antelopus Selan Energy Limited,10
ANTGRAPHIC,Antarctica Limited,1
ANTHEM,Anthem Biosciences Limited,2
ANUHPHR,Anuh Pharma Limited,5
ANUP,The Anup Engineering Limited,10
ANURAS,Anupam Rasayan India Limited,10
APARINDS,Apar Industries Limited,10
APCL,Anjani Portland Cement Limited,10
APCOTEXIND,Apcotex Industries Limited,2
APEX,Apex Frozen Foods Limited,10
APLAPOLLO,APL Apollo Tubes Limited,2
APLLTD,Alembic Pharmaceuticals Limited,2
APOLLO,Apollo Micro Systems Limited,1
APOLLOHOSP,Apollo Hospitals Enterprise Limited,5
APOLLOPIPE,Apollo Pipes Limited,10
APOLLOTYRE,Apollo Tyres Limited,1
APOLSINHOT,Apollo Sindoori Hotels Limited,5
APTECHT,Aptech Limited,10
APTUS,Aptus Value Housing Finance India Limited,2
ARCHIDPLY,Archidply Industries Limited,10
ARCHIES,Archies Limited,2
ARE&M,Amara Raja Energy & Mobility Limited,1
ARENTERP,Rajdarshan Industries Limited,10
ARIES,Aries Agro Limited,10
ARIHANTCAP,Arihant Capital Markets Limited,1
ARIHANTSUP,Arihant Superstructures Limited,10
ARISINFRA,Arisinfra Solutions Limited,2
ARKADE,Arkade Developers Limited,10
ARMANFIN,Arman Financial Services Limited,10
AROGRANITE,Aro Granite Industries Limited,10
ARROWGREEN,Arrow Greentech Limited,10
ARSSBL,Anand Rathi Share and Stock Brokers Limited,5
ARTEMISMED,Artemis Medicare Services Limited,1
ARTNIRMAN,Art Nirman Limited,10
ARVEE,Arvee Laboratories (India) Limited,10
ARVIND,Arvind Limited,10
ARVINDFASN,Arvind Fashions Limited,4
ARVSMART,Arvind SmartSpaces Limited,10
ASAHIINDIA,Asahi India Glass Limited,1
ASAHISONG,Asahi Songwon Colors Limited,10
ASAL,Automotive Stampings and Assemblies Limited,10
ASALCBR,Associated Alcohols & Breweries Ltd.,10
ASHAPURMIN,Ashapura Minechem Limited,2
ASHIANA,Ashiana Housing Limited,2
ASHIMASYN,Ashima Limited,10
ASHOKA,Ashoka Buildcon Limited,5
ASHOKAMET,Ashoka Metcast Limited,10
ASHOKLEY,Ashok Leyland Limited,1
ASIANENE,Asian Energy Services Limited,10
ASIANHOTNR,Asian Hotels (North) Limited,10
ASIANPAINT,Asian Paints Limited,1
ASIANTILES,Asian Granito India Limited,10
ASKAUTOLTD,ASK Automotive Limited,2
ASMS,Bartronics India Limited,1
ASPINWALL,Aspinwall and Company Limited,10
ASTEC,Astec LifeSciences Limited,10
ASTERDM,Aster DM Healthcare Limited,10
ASTRAL,Astral Limited,1
ASTRAMICRO,Astra Microwave Products Limited,2
ASTRAZEN,AstraZeneca Pharma India Limited,2
ASTRON,Astron Paper & Board Mill Limited,10
ATALREAL,Atal Realtech Limited,2
ATAM,Atam Valves Limited,10
ATGL,Adani Total Gas Limited,1
ATHERENERG,Ather Energy Limited,1
ATL,Allcargo Terminals Limited,2
ATLANTAELE,Atlanta Electricals Limited,2
ATLASCYCLE,Atlas Cycles (Haryana) Limited,5
ATUL,Atul Limited,10
ATULAUTO,Atul Auto Limited,5
AUBANK,AU Small Finance Bank Limited,10
AURIGROW,Auri Grow India Limited,1
AURIONPRO,Aurionpro Solutions Limited,10
AUROPHARMA,Aurobindo Pharma Limited,1
AURUM,Aurum PropTech Limited,5
AUSOMENT,Ausom Enterprise Limited,10
AUTOAXLES,Automotive Axles Limited,10
AUTOIND,Autoline Industries Limited,10
AVADHSUGAR,Avadh Sugar & Energy Limited,10
AVALON,Avalon Technologies Limited,2
AVANTEL,Avantel Limited,2
AVANTIFEED,Avanti Feeds Limited,1
AVG,AVG Logistics Limited,10
AVL,Aditya Vision Limited,1
AVONMORE,Avonmore Capital & Management Services Limited,1
AVROIND,AVRO INDIA LIMITED,10
AVTNPL,AVT Natural Products Limited,1
AWFIS,Awfis Space Solutions Limited,10
AWHCL,Antony Waste Handling Cell Limited,5
AWL,AWL Agri Business Limited,1
AXISBANK,Axis Bank Limited,2
AYMSYNTEX,AYM Syntex Limited,10
AZAD,Azad Engineering Limited,2
BAGFILMS,B.A.G Films and Media Limited,2
BAIDFIN,Baid Finserv Limited,2
BAJAJ-AUTO,Bajaj Auto Limited,10
BAJAJCON,Bajaj Consumer Care Limited,1
BAJAJELEC,Bajaj Electricals Limited,2
BAJAJFINSV,Bajaj Finserv Limited,1
BAJAJHCARE,Bajaj Healthcare Limited,5
BAJAJHFL,Bajaj Housing Finance Limited,10
BAJAJHIND,Bajaj Hindusthan Sugar Limited,1
BAJAJHLDNG,Bajaj Holdings & Investment Limited,10
BAJAJINDEF,Indef Manufacturing Limited,1
BAJEL,Bajel Projects Limited,2
BAJFINANCE,Bajaj Finance Limited,1
BALAJEE,Shree Tirupati Balajee Agro Trading Company Limited,10
BALAJITELE,Balaji Telefilms Limited,2
BALAMINES,Balaji Amines Limited,2
BALAXI,BALAXI PHARMACEUTICALS LIMITED,2
BALKRISHNA,Balkrishna Paper Mills Limited,10
BALKRISIND,Balkrishna Industries Limited,2
BALMLAWRIE,Balmer Lawrie & Company Limited,10
BALPHARMA,Bal Pharma Limited,10
BALRAMCHIN,Balrampur Chini Mills Limited,1
BALUFORGE,Balu Forge Industries Limited,10
BANARBEADS,Banaras Beads Limited,10
BANARISUG,Bannari Amman Sugars Limited,10
BANCOINDIA,Banco Products (I) Limited,2
BANDHANBNK,Bandhan Bank Limited,10
BANG,Bang Overseas Limited,10
BANKA,Banka BioLoo Limited,10
BANKBARODA,Bank of Baroda,2
BANKINDIA,Bank of India,10
BANSALWIRE,Bansal Wire Industries Limited,5
BANSWRAS,Banswara Syntex Limited,5
BASF,BASF India Limited,10
BASML,Bannari Amman Spinning Mills Limited,5
BATAINDIA,Bata India Limited,5
BAYERCROP,Bayer Cropscience Limited,10
BBL,Bharat Bijlee Limited,5
BBOX,Black Box Limited,2
BBTC,Bombay Burmah Trading Corporation Limited,2
BBTCL,B&B Triplewall Containers Limited,10
BCG,Brightcom Group Limited,2
BCLIND,Bcl Industries Limited,1
BDL,Bharat Dynamics Limited,5
BEARDSELL,Beardsell Limited,2
BECTORFOOD,Mrs. Bectors Food Specialities Limited,10
BEDMUTHA,Bedmutha Industries Limited,10
BEL,Bharat Electronics Limited,1
BELLACASA,Bella Casa Fashion & Retail Limited,10
BELRISE,Belrise Industries Limited,5
BEML,BEML Limited,5
BEPL,Bhansali Engineering Polymers Limited,1
BERGEPAINT,Berger Paints (I) Limited,1
BESTAGRO,Best Agrolife Limited,10
BETA,Beta Drugs Limited,10
BFINVEST,BF Investment Limited,5
BHAGCHEM,Bhagiradha Chemicals & Industries Limited,1
BHAGERIA,Bhageria Industries Limited,5
BHANDARI,Bhandari Hosiery Exports Limited,1
BHARATFORG,Bharat Forge Limited,2
BHARATRAS,Bharat Rasayan Limited,10
BHARATSE,Bharat Seats Limited,2
BHARATWIRE,Bharat Wire Ropes Limited,10
BHARTIARTL,Bharti Airtel Limited,5
BHARTIHEXA,Bharti Hexacom Limited,5
BHEL,Bharat Heavy Electricals Limited,2
BIGBLOC,Bigbloc Construction Limited,2
BIKAJI,Bikaji Foods International Limited,1
BIL,Bhartiya International Limited,10
BIOCON,Biocon Limited,5
BIOFILCHEM,Biofil Chemicals & Pharmaceuticals Limited,10
BIRLACABLE,Birla Cable Limited,10
BIRLACORPN,Birla Corporation Limited,10
BIRLAMONEY,Aditya Birla Money Limited,1
BIRLANU,BirlaNu Limited,10
BLACKBUCK,BLACKBUCK LIMITED,1
BLAL,BEML Land Assets Limited,10
BLBLIMITED,BLB Limited,1
BLISSGVS,Bliss GVS Pharma Limited,1
BLKASHYAP,B. L. Kashyap and Sons Limited,1
BLS,BLS International Services Limited,1
BLSE,BLS E-Services Limited,10
BLUEDART,Blue Dart Express Limited,10
BLUEJET,Blue Jet Healthcare Limited,2
BLUESTARCO,Blue Star Limited,2
BLUESTONE,BlueStone Jewellery and Lifestyle Limited,1
BLUSPRING,Bluspring Enterprises Limited,10
BMWVENTLTD,BMW Ventures Limited,10
BODALCHEM,Bodal Chemicals Limited,2
BOHRAIND,Bohra Industries Limited,10
BOMDYEING,Bombay Dyeing & Mfg Company Limited,2
BOROLTD,Borosil Limited,1
BORORENEW,BOROSIL RENEWABLES LIMITED,1
BOROSCI,Borosil Scientific Limited,1
BOSCHLTD,Bosch Limited,10
BPCL,Bharat Petroleum Corporation Limited,10
BPL,BPL Limited,10
BRIGADE,Brigade Enterprises Limited,10
BRIGHOTEL,Brigade Hotel Ventures Limited,10
BRITANNIA,Britannia Industries Limited,1
BRNL,Bharat Road Network Limited,10
BROOKS,Brooks Laboratories Limited,10
BSE,BSE Limited,2
BSHSL,Bombay Super Hybrid Seeds Limited,1
BSL,BSL Limited,10
BSOFT,BIRLASOFT LIMITED,2
BTML,Bodhi Tree Multimedia Limited,1
BUTTERFLY,Butterfly Gandhimathi Appliances Limited,10
BYKE,The Byke Hospitality Ltd,10
CALSOFT,California Software Company Limited,10
CAMLINFINE,Camlin Fine Sciences Limited,1
CAMPUS,Campus Activewear Limited,5
CAMS,Computer Age Management Services Limited,2
CANBK,Canara Bank,2
CANFINHOME,Can Fin Homes Limited,2
CANHLIFE,Canara HSBC Life Insurance Company Limited,10
CANTABIL,Cantabil Retail India Limited,2
CAPACITE,Capacit'e Infraprojects Limited,10
CAPILLARY,Capillary Technologies India Limited,2
CAPITALSFB,Capital Small Finance Bank Limited,10
CAPLIPOINT,Caplin Point Laboratories Limited,2
CAPTRUST,Capital Trust Limited,10
CARBORUNIV,Carborundum Universal Limited,1
CARERATING,CARE Ratings Limited,10
CARRARO,Carraro India Limited,10
CARTRADE,Cartrade Tech Limited,10
CARYSIL,CARYSIL LIMITED,2
CASTROLIND,Castrol India Limited,5
CCHHL,Country Club Hospitality & Holidays Limited,2
CCL,CCL Products (India) Limited,2
CDSL,Central Depository Services (India) Limited,10
CEATLTD,CEAT Limited,10
CEIGALL,Ceigall India Limited,5
CELEBRITY,Celebrity Fashions Limited,10
CELLO,Cello World Limited,5
CEMPRO,Cemindia Projects Limited,1
CENTENKA,Century Enka Limited,10
CENTRALBK,Central Bank of India,10
CENTRUM,Centrum Capital Limited,1
CENTUM,Centum Electronics Limited,10
CENTURYPLY,Century Plyboards (India) Limited,1
CERA,Cera Sanitaryware Limited,5
CESC,CESC Limited,1
CEWATER,Concord Enviro Systems Limited,5
CGCL,Capri Global Capital Limited,1
CGPOWER,CG Power and Industrial Solutions Limited,2
CHALET,Chalet Hotels Limited,10
CHAMBLFERT,Chambal Fertilizers & Chemicals Limited,10
CHEMBOND,Chembond Material Technologies Limited,5
CHEMBONDCH,Chembond Chemicals Limited,5
CHEMCON,Chemcon Speciality Chemicals Limited,10
CHEMFAB,Chemfab Alkalis Limited,10
CHEMPLASTS,Chemplast Sanmar Limited,5
CHENNPETRO,Chennai Petroleum Corporation Limited,10
CHEVIOT,Cheviot Company Limited,10
CHOICEIN,Choice International Limited,10
CHOLAFIN,Cholamandalam Investment and Finance Company Limited,2
CHOLAHLDNG,Cholamandalam Financial Holdings Limited,1
CIEINDIA,CIE Automotive India Limited,10
CIFL,Capital India Finance Limited,2
CIGNITITEC,Cigniti Technologies Limited,10
CINELINE,Cineline India Limited,5
CINEVISTA,Cinevista Limited,2
CIPLA,Cipla Limited,2
CLEAN,Clean Science and Technology Limited,1
CLEDUCATE,CL Educate Limited,5
CLSEL,Chaman Lal Setia Exports Limited,2
CMSINFO,CMS Info Systems Limited,10
CNL,Creative Newtech Limited,10
COALINDIA,Coal India Limited,10
COCHINSHIP,Cochin Shipyard Limited,5
COFORGE,Coforge Limited,2
COHANCE,Cohance Lifesciences Limited,1
COLPAL,Colgate Palmolive (India) Limited,1
COMPUSOFT,Compucom Software Limited,2
CONCOR,Container Corporation of India Limited,5
CONCORDBIO,Concord Biotech Limited,1
CONFIPET,Confidence Petroleum India Limited,1
CONSOFINVT,Consolidated Finvest & Holdings Limited,10
CONTROLPR,Control Print Limited,10
CORALFINAC,Coral India Finance & Housing Limited,2
CORDSCABLE,Cords Cable Industries Limited,10
COROMANDEL,Coromandel International Limited,1
COSMOFIRST,COSMO FIRST LIMITED,10
COUNCODOS,Country Condo's Limited,1
CPCAP,CP Capital Limited,10
CPEDU,Career Point Edutech Limited,10
CPPLUS,Aditya Infotech Limited,1
CRAFTSMAN,Craftsman Automation Limited,5
CRAMC,Canara Robeco Asset Management Company Limited,10
CREATIVEYE,Creative Eye Limited,5
CREDITACC,CREDITACCESS GRAMEEN LIMITED,10
CREST,Crest Ventures Limited,10
CRISIL,CRISIL Limited,1
CRIZAC,Crizac Limited,2
CROMPTON,Crompton Greaves Consumer Electricals Limited,2
CROWN,Crown Lifters Limited,10
CSBBANK,CSB Bank Limited,10
CSLFINANCE,CSL Finance Limited,10
CTE,Cambridge Technology Enterprises Limited,10
CUB,City Union Bank Limited,1
CUBEXTUB,Cubex Tubings Limited,10
CUMMINSIND,Cummins India Limited,2
CUPID,Cupid Limited,1
CYIENT,Cyient Limited,5
CYIENTDLM,Cyient DLM Limited,10
DABUR,Dabur India Limited,1
DALBHARAT,Dalmia Bharat Limited,2
DALMIASUG,Dalmia Bharat Sugar and Industries Limited,2
DAMCAPITAL,Dam Capital Advisors Limited,2
DAMODARIND,Damodar Industries Limited,5
DANGEE,Dangee Dums Limited,1
DATAMATICS,Datamatics Global Services Limited,5
DATAPATTNS,Data Patterns (India) Limited,2
DAVANGERE,Davangere Sugar Company Limited,1
DBCORP,D.B.Corp Limited,10
DBEIL,Deepak Builders & Engineers India Limited,10
DBL,Dilip Buildcon Limited,10
DBOL,Dhampur Bio Organics Limited,10
DBREALTY,Valor Estate Limited,10
DBSTOCKBRO,DB (International) Stock Brokers Limited,2
DCAL,Dishman Carbogen Amcis Limited,2
DCBBANK,DCB Bank Limited,10
DCI,Dc Infotech And Communication Limited,10
DCM,DCM  Limited,10
DCMFINSERV,DCM Financial Services Limited,10
DCMNVL,DCM Nouvelle Limited,10
DCMSHRIRAM,DCM Shriram Limited,2
DCMSRIND,DCM Shriram Industries Limited,2
DCW,DCW Limited,2
DCXINDIA,DCX Systems Limited,2
DDEVPLSTIK,Ddev Plastiks Industries Limited,1
DECCANCE,Deccan Cements Limited,5
DEEDEV,DEE Development Engineers Limited,10
DEEPAKFERT,Deepak Fertilizers and Petrochemicals Corporation Limited,10
DEEPAKNTR,Deepak Nitrite Limited,2
DEEPINDS,Deep Industries Limited,5
DELHIVERY,Delhivery Limited,1
DELPHIFX,DELPHI WORLD MONEY LIMITED,10
DELTACORP,Delta Corp Limited,1
DELTAMAGNT,Delta Manufacturing Limited,10
DEN,Den Networks Limited,10
DENORA,De Nora India Limited,10
DENTA,Denta Water and Infra Solutions Limited,10
DEVIT,Dev Information Technology Limited,2
DEVX,Dev Accelerator Limited,2
DEVYANI,Devyani International Limited,1
DGCONTENT,Digicontent Limited,2
DHAMPURSUG,Dhampur Sugar Mills Limited,10
DHANBANK,Dhanlaxmi Bank Limited,10
DHANUKA,Dhanuka Agritech Limited,2
DHARMAJ,Dharmaj Crop Guard Limited,10
DHRUV,Dhruv Consultancy Services Limited,10
DHUNINV,Dhunseri Investments Limited,10
DIACABS,Diamond Power Infrastructure Limited,1
DIAMINESQ,Diamines & Chemicals Limited,10
DIAMONDYD,Prataap Snacks Limited,5
DICIND,DIC India Limited,10
DIFFNKG,Diffusion Engineers Limited,10
DIGIDRIVE,Digidrive Distributors Limited,10
DIGITIDE,Digitide Solutions Limited,10
DIGJAMLMTD,Digjam Limited,10
DIL,Debock Industries Limited,10
DISHTV,Dish TV India Limited,1
DIVGIITTS,Divgi Torqtransfer Systems Limited,5
DIVISLAB,Divi's Laboratories Limited,2
DIXON,Dixon Technologies (India) Limited,2
DJML,DJ Mediaprint & Logistics Limited,10
DLF,DLF Limited,2
DLINKINDIA,D-Link (India) Limited,2
DMART,Avenue Supermarts Limited,10
DMCC,DMCC SPECIALITY CHEMICALS LIMITED,10
DNAMEDIA,Diligent Media Corporation Limited,1
DODLA,Dodla Dairy Limited,10
DOLATALGO,Dolat Algotech Limited,1
DOLLAR,Dollar Industries Limited,2
DOLPHIN,Dolphin Offshore Enterprises (India) Limited,1
DOMS,DOMS Industries Limited,10
DONEAR,Donear Industries Limited,2
DPABHUSHAN,D. P. Abhushan Limited,10
DPSCLTD,DPSC Limited,1
DPWIRES,D P Wires Limited,10
DRCSYSTEMS,DRC Systems India Limited,1
DREAMFOLKS,Dreamfolks Services Limited,2
DREDGECORP,Dredging Corporation of India Limited,10
DRREDDY,Dr. Reddy's Laboratories Limited,1
DSSL,Dynacons Systems & Solutions Limited,10
DTIL,Dhunseri Tea & Industries Limited,10
DUCON,Ducon Infratechnologies Limited,1
DVL,Dhunseri Ventures Limited,10
DWARKESH,Dwarikesh Sugar Industries Limited,1
DYCL,Dynamic Cables Limited,10
DYNAMATECH,Dynamatic Technologies Limited,10
DYNPRO,Dynemic Products Limited,10
E2E,E2E Networks Limited,10
EASEMYTRIP,Easy Trip Planners Limited,1
EBGNG,GNG Electronics Limited,2
ECLERX,eClerx Services Limited,10
ECOSMOBLTY,Ecos (India) Mobility & Hospitality Limited,2
EDELWEISS,Edelweiss Financial Services Limited,1
EFCIL,EFC (I) Limited,2
EICHERMOT,Eicher Motors Limited,1
EIDPARRY,EID Parry India Limited,1
EIEL,Enviro Infra Engineers Limited,10
EIFFL,Euro India Fresh Foods Limited,10
EIHAHOTELS,EIH Associated Hotels Limited,10
EIHOTEL,EIH Limited,2
EIMCOELECO,Eimco Elecon (India) Limited,10
EKC,Everest Kanto Cylinder Limited,2
ELDEHSG,Eldeco Housing And Industries Limited,2
ELECON,Elecon Engineering Company Limited,1
ELECTCAST,Electrosteel Castings Limited,1
ELECTHERM,Electrotherm (India) Limited,10
ELGIEQUIP,Elgi Equipments Limited,1
ELGIRUBCO,Elgi Rubber Company Limited,1
ELIN,Elin Electronics Limited,5
ELLEN,Ellenbarrie Industrial Gases Limited,2
EMAMILTD,Emami Limited,1
EMAMIPAP,Emami Paper Mills Limited,2
EMAMIREAL,Emami Realty Limited,2
EMBDL,Embassy Developments Limited,2
EMCURE,Emcure Pharmaceuticals Limited,10
EMIL,Electronics Mart India Limited,10
EMMBI,Emmbi Industries Limited,10
EMMVEE,Emmvee Photovoltaic Power Limited,2
EMSLIMITED,EMS Limited,10
EMUDHRA,eMudhra Limited,5
ENDURANCE,Endurance Technologies Limited,10
ENGINERSIN,Engineers India Limited,5
ENIL,Entertainment Network (India) Limited,10
ENRIN,Siemens Energy India Limited,2
ENTERO,Entero Healthcare Solutions Limited,10
EPACK,EPACK Durable Limited,10
EPACKPEB,EPack Prefab Technologies Limited,2
EPIGRAL,Epigral Limited,10
EPL,EPL Limited,2
EQUITASBNK,Equitas Small Finance Bank Limited,10
ERIS,Eris Lifesciences Limited,1
ESABINDIA,Esab India Limited,10
ESAFSFB,ESAF Small Finance Bank Limited,10
ESCORTS,Escorts Kubota Limited,10
ESSENTIA,Integra Essentia Limited,1
ESTER,Ester Industries Limited,5
ETERNAL,ETERNAL LIMITED,1
ETHOSLTD,Ethos Limited,10
EUREKAFORB,Eureka Forbes Limited,10
EUROBOND,Euro Panel Products Limited,10
EUROPRATIK,Euro Pratik Sales Limited,1
EVEREADY,Eveready Industries India Limited,5
EVERESTIND,Everest Industries Limited,10
EXCEL,Excel Realty N Infra Limited,1
EXCELINDUS,Excel Industries Limited,5
EXCELSOFT,Excelsoft Technologies Limited,10
EXICOM,Exicom Tele-Systems Limited,10
EXIDEIND,Exide Industries Limited,1
EXPLEOSOL,Expleo Solutions Limited,10
FABTECH,Fabtech Technologies Limited,10
FACT,Fertilizers and Chemicals Travancore Limited,10
FAIRCHEMOR,Fairchem Organics Limited,10
FAZE3Q,Faze Three Limited,10
FCL,Fineotex Chemical Limited,1
FCSSOFT,FCS Software Solutions Limited,1
FDC,FDC Limited,1
FEDERALBNK,The Federal Bank  Limited,2
FEDFINA,Fedbank Financial Services Limited,10
FIBERWEB,Fiberweb (India) Limited,10
FIEMIND,Fiem Industries Limited,10
FILATEX,Filatex India Limited,1
FILATFASH,Filatex Fashions Limited,1
FINCABLES,Finolex Cables Limited,2
FINEORG,Fine Organic Industries Limited,5
FINKURVE,Finkurve Financial Services Limited,1
FINOPB,Fino Payments Bank Limited,10
FINPIPE,Finolex Industries Limited,2
FIRSTCRY,Brainbees Solutions Limited,2
FISCHER,Fischer Medical Ventures Limited,1
FIVESTAR,Five-Star Business Finance Limited,1
FLAIR,Flair Writing Industries Limited,5
FLEXITUFF,Flexituff Ventures International Limited,10
FLUOROCHEM,Gujarat Fluorochemicals Limited,1
FMGOETZE,Federal-Mogul Goetze (India) Limited.,10
FMNL,Future Market Networks Limited,10
FOCUS,Focus Lighting and Fixtures Limited,2
FOODSIN,Foods & Inns Limited,1
FORCEMOT,FORCE MOTORS LTD,10
FORTIS,Fortis Healthcare Limited,10
FOSECOIND,Foseco India Limited,10
FSL,Firstsource Solutions Limited,10
FUSION,Fusion Finance Limited,10
GABRIEL,Gabriel India Limited,1
GAEL,Gujarat Ambuja Exports Limited,1
GAIL,GAIL (India) Limited,10
GALAPREC,Gala Precision Engineering Limited,10
GALAXYSURF,Galaxy Surfactants Limited,10
GALLANTT,Gallantt Ispat Limited,10
GANDHAR,Gandhar Oil Refinery (India) Limited,2
GANDHITUBE,Gandhi Special Tubes Limited,5
GANECOS,Ganesha Ecosphere Limited,10
GANESHBE,Ganesh Benzoplast Limited,1
GANESHCP,Ganesh Consumer Products Limited,10
GANESHHOU,GANESH HOUSING LIMITED,10
GANGAFORGE,Ganga Forging Limited,1
GANGESSECU,Ganges Securities Limited,10
GARFIBRES,Garware Technical Fibres Limited,10
GARUDA,Garuda Construction and Engineering Limited,5
GATECH,GACM Technologies Limited,1
GATECHDVR,GACM Technologies Limited,1
GATEWAY,Gateway Distriparks Limited,10
GEECEE,GeeCee Ventures Limited,10
GEEKAYWIRE,Geekay Wires Limited,1
GEMAROMA,Gem Aromatics Limited,2
GENCON,Generic Engineering Construction and Projects Limited,5
GENESYS,Genesys International Corporation Limited,5
GENUSPAPER,Genus Paper & Boards Limited,1
GENUSPOWER,Genus Power Infrastructures Limited,1
GEOJITFSL,Geojit Financial Services Limited,1
GESHIP,The Great Eastern Shipping Company Limited,10
GFLLIMITED,GFL Limited,1
GHCL,GHCL Limited,10
GHCLTEXTIL,GHCL Textiles Limited,2
GICHSGFIN,GIC Housing Finance Limited,10
GICRE,General Insurance Corporation of India,5
GILLANDERS,Gillanders Arbuthnot & Company Limited,10
GILLETTE,Gillette India Limited,10
GINNIFILA,Ginni Filaments Limited,10
GIPCL,Gujarat Industries Power Company Limited,10
GKENERGY,GK Energy Limited,2
GKWLIMITED,GKW Limited,10
GLAND,Gland Pharma Limited,1
GLAXO,GlaxoSmithKline Pharmaceuticals Limited,10
GLENMARK,Glenmark Pharmaceuticals Limited,1
GLOBALE,Globale Tessile Limited,10
GLOBALVECT,Global Vectra Helicorp Limited,10
GLOBE,GLOBE ENTERPRISES (INDIA) LIMITED,2
GLOBECIVIL,Globe Civil Projects Limited,10
GLOBUSSPR,Globus Spirits Limited,10
GLOSTERLTD,Gloster Limited,10
GLOTTIS,Glottis Limited,2
GMBREW,GM Breweries Limited,10
GMDCLTD,Gujarat Mineral Development Corporation Limited,2
GMMPFAUDLR,GMM Pfaudler Limited,2
GMRAIRPORT,GMR AIRPORTS LIMITED,1
GMRP&UI,GMR Power and Urban Infra Limited,5
GNA,GNA Axles Limited,10
GNFC,Gujarat Narmada Valley Fertilizers and Chemicals Limited,10
GOACARBON,Goa Carbon Limited,10
GOCLCORP,GOCL Corporation Limited,2
GOCOLORS,Go Fashion (India) Limited,10
GODAVARIB,Godavari Biorefineries Limited,10
GODFRYPHLP,Godfrey Phillips India Limited,2
GODIGIT,Go Digit General Insurance Limited,10
GODREJAGRO,Godrej Agrovet Limited,10
GODREJCP,Godrej Consumer Products Limited,1
GODREJIND,Godrej Industries Limited,1
GODREJPROP,Godrej Properties Limited,5
GOKEX,Gokaldas Exports Limited,5
GOKUL,Gokul Refoils and Solvent Limited,2
GOKULAGRO,Gokul Agro Resources Limited,1
GOLDIAM,Goldiam International Limited,2
GOLDTECH,AION-TECH SOLUTIONS LIMITED,10
GOODLUCK,Goodluck India Limited,2
GOPAL,Gopal Snacks Limited,1
GOYALALUM,Goyal Aluminiums Limited,1
GPIL,Godawari Power And Ispat limited,1
GPPL,Gujarat Pipavav Port Limited,10
GPTHEALTH,GPT Healthcare Limited,10
GPTINFRA,GPT Infraprojects Limited,10
GRANULES,Granules India Limited,1
GRAPHITE,Graphite India Limited,2
GRASIM,Grasim Industries Limited,2
GRAVITA,Gravita India Limited,2
GREAVESCOT,Greaves Cotton Limited,2
GREENLAM,Greenlam Industries Limited,1
GREENPANEL,Greenpanel Industries Limited,1
GREENPLY,Greenply Industries Limited,1
GREENPOWER,Orient Green Power Company Limited,10
GRINDWELL,Grindwell Norton Limited,5
GRINFRA,G R Infraprojects Limited,5
GRMOVER,GRM Overseas Limited,2
GROBTEA,The Grob Tea Company Limited,10
GROWW,Billionbrains Garage Ventures Limited,2
GRPLTD,GRP Limited,10
GRSE,Garden Reach Shipbuilders & Engineers Limited,10
GRWRHITECH,Garware Hi-Tech Films Limited,10
GSFC,Gujarat State Fertilizers & Chemicals Limited,2
GSPL,Gujarat State Petronet Limited,10
GSS,GSS Infotech Limited,10
GTECJAINX,G-TEC JAINX EDUCATION LIMITED,10
GTL,GTL Limited,10
GTLINFRA,GTL Infrastructure Limited,10
GTPL,GTPL Hathway Limited,10
GUFICBIO,Gufic Biosciences Limited,1
GUJALKALI,Gujarat Alkalies and Chemicals Limited,10
GUJAPOLLO,Gujarat Apollo Industries Limited,10
GUJGASLTD,Gujarat Gas Limited,2
GUJTHEM,Gujarat Themis Biosyn Limited,1
GULFOILLUB,Gulf Oil Lubricants India Limited,2
GULFPETRO,GP Petroleums Limited,5
GULPOLY,Gulshan Polyols Limited,1
GVPIL,GE Power India Limited,10
GVPTECH,GVP Infotech Limited,2
GVT&D,GE Vernova T&D India Limited,2
HAL,Hindustan Aeronautics Limited,5
HAPPSTMNDS,Happiest Minds Technologies Limited,2
HAPPYFORGE,Happy Forgings Limited,2
HARDWYN,Hardwyn India Limited,1
HARIOMPIPE,Hariom Pipe Industries Limited,10
HARRMALAYA,Harrisons  Malayalam Limited,10
HARSHA,Harsha Engineers International Limited,10
HATHWAY,Hathway Cable & Datacom Limited,2
HATSUN,Hatsun Agro Product Limited,1
HAVELLS,Havells India Limited,1
HAVISHA,Sri Havisha Hospitality and Infrastructure Limited,2
HBLENGINE,HBL Engineering Limited,1
HCC,Hindustan Construction Company Limited,1
HCG,Healthcare Global Enterprises Limited,10
HCL-INSYS,HCL Infosystems Limited,2
HCLTECH,HCL Technologies Limited,2
HDBFS,HDB Financial Services Limited,10
HDFCAMC,HDFC Asset Management Company Limited,5
HDFCBANK,HDFC Bank Limited,1
HDFCLIFE,HDFC Life Insurance Company Limited,10
HEADSUP,Heads UP Ventures Limited,10
HECPROJECT,HEC Infra Projects Limited,10
HEG,HEG Limited,2
HEIDELBERG,HeidelbergCement India Limited,10
HEMIPROP,Hemisphere Properties India Limited,10
HERANBA,Heranba Industries Limited,10
HERCULES,HERCULES INVESTMENTS LIMITED,1
HERITGFOOD,Heritage Foods Limited,5
HEROMOTOCO,Hero MotoCorp Limited,2
HESTERBIO,Hester Biosciences Limited,10
HEUBACHIND,Heubach Colorants India Limited,10
HEXATRADEX,Hexa Tradex Limited,2
HEXT,Hexaware Technologies Limited,1
HFCL,HFCL Limited,1
HGINFRA,H.G. Infra Engineering Limited,10
HGM,HandsOn Global Management (HGM) Limited,10
HGS,Hinduja Global Solutions Limited,10
HIKAL,Hikal Limited,2
HILINFRA,Highway Infrastructure Limited,5
HILTON,Hilton Metal Forging Limited,10
HIMATSEIDE,Himatsingka Seide Limited,5
HINDALCO,Hindalco Industries Limited,1
HINDCOMPOS,Hindustan Composites Limited,5
HINDCON,Hindcon Chemicals Limited,2
HINDCOPPER,Hindustan Copper Limited,5
HINDOILEXP,Hindustan Oil Exploration Company Limited,10
HINDPETRO,Hindustan Petroleum Corporation Limited,10
HINDUNILVR,Hindustan Unilever Limited,1
HINDWAREAP,Hindware Home Innovation Limited,2
HINDZINC,Hindustan Zinc Limited,2
HIRECT,Hind Rectifiers Limited,2
HISARMETAL,Hisar Metal Industries Limited,10
HITECH,Hi-Tech Pipes Limited,1
HITECHCORP,Hitech Corporation Limited,10
HLEGLAS,HLE Glascoat Limited,2
HLVLTD,HLV LIMITED,2
HMAAGRO,HMA Agro Industries Limited,1
HMVL,Hindustan Media Ventures Limited,10
HNDFDS,Hindustan Foods Limited,2
HOMEFIRST,Home First Finance Company India Limited,2
HONASA,Honasa Consumer Limited,10
HONAUT,Honeywell Automation India Limited,10
HONDAPOWER,Honda India Power Products Limited,10
HPAL,HP Adhesives Limited,2
HPIL,Hindprakash Industries Limited,10
HPL,HPL Electric & Power Limited,10
HSCL,Himadri Speciality Chemical Limited,1
HTMEDIA,HT Media Limited,2
HUBTOWN,Hubtown Limited,10
HUDCO,Housing & Urban Development Corporation Limited,10
HUHTAMAKI,Huhtamaki India Limited,2
HYUNDAI,Hyundai Motor India Limited,10
IBULLSLTD,Indiabulls Limited,2
ICDSLTD,ICDS Limited,10
ICEMAKE,Ice Make Refrigeration Limited,10
ICICIBANK,ICICI Bank Limited,2
ICICIGI,ICICI Lombard General Insurance Company Limited,10
ICICIPRULI,ICICI Prudential Life Insurance Company Limited,10
ICIL,Indo Count Industries Limited,2
ICRA,ICRA Limited,10
IDBI,IDBI Bank Limited,10
IDEA,Vodafone Idea Limited,10
IDEAFORGE,Ideaforge Technology Limited,10
IDFCFIRSTB,IDFC First Bank Limited,10
IEX,Indian Energy Exchange Limited,1
IFBAGRO,IFB Agro Industries Limited,10
IFBIND,IFB Industries Limited,10
IFCI,IFCI Limited,10
IFGLEXPOR,IFGL Refractories Limited,10
IGARASHI,Igarashi Motors India Limited,10
IGCL,Indogulf Cropsciences Limited,10
IGIL,International Gemmological Institute (India) Limited,2
IGL,Indraprastha Gas Limited,2
IGPL,IG Petrochemicals Limited,10
IIFL,IIFL Finance Limited,2
IIFLCAPS,IIFL Capital Services Limited,2
IITL,Industrial Investment Trust Limited,10
IKIO,IKIO Technologies Limited,10
IKS,Inventurus Knowledge Solutions Limited,1
IMAGICAA,Imagicaaworld Entertainment Limited,10
IMFA,Indian Metals & Ferro Alloys Limited,10
IMPAL,India Motor Parts and Accessories Limited,10
INCREDIBLE,INCREDIBLE INDUSTRIES LIMITED,10
INDBANK,Indbank Merchant Banking Services Limited,10
INDGN,Indegene Limited,2
INDHOTEL,The Indian Hotels Company Limited,1
INDIACEM,The India Cements Limited,10
INDIAGLYCO,India Glycols Limited,5
INDIAMART,Indiamart Intermesh Limited,10
INDIANB,Indian Bank,10
INDIANCARD,Indian Card Clothing Company Limited,10
INDIANHUME,Indian Hume Pipe Company Limited,2
INDIASHLTR,India Shelter Finance Corporation Limited,5
INDIGO,InterGlobe Aviation Limited,10
INDIGOPNTS,Indigo Paints Limited,10
INDIQUBE,Indiqube Spaces Limited,1
INDNIPPON,India Nippon Electricals Limited,5
INDOAMIN,Indo Amines Limited,5
INDOBORAX,Indo Borax & Chemicals Limited,1
INDOCO,Indoco Remedies Limited,2
INDOFARM,Indo Farm Equipment Limited,10
INDORAMA,Indo Rama Synthetics (India) Limited,10
INDOSTAR,IndoStar Capital Finance Limited,10
INDOTECH,Indo Tech Transformers Limited,10
INDOUS,Indo Us Biotech Limited,10
INDOWIND,Indowind Energy Limited,10
INDRAMEDCO,Indraprastha Medical Corporation Limited,10
INDSWFTLAB,Ind-Swift Laboratories Limited,10
INDTERRAIN,Indian Terrain Fashions Limited,2
INDUSINDBK,IndusInd Bank Limited,10
INDUSTOWER,Indus Towers Limited,10
INFIBEAM,Infibeam Avenues Limited,1
INFOBEAN,InfoBeans Technologies Limited,10
INFOMEDIA,Infomedia Press Limited,10
INFY,Infosys Limited,5
INGERRAND,Ingersoll Rand (India) Limited,10
INNOVACAP,Innova Captab Limited,10
INNOVANA,Innovana Thinklabs Limited,10
INOXGREEN,Inox Green Energy Services Limited,10
INOXINDIA,INOX India Limited,2
INOXWIND,Inox Wind Limited,10
INSECTICID,Insecticides (India) Limited,10
INSPIRISYS,Inspirisys Solutions Limited,10
INTELLECT,Intellect Design Arena Limited,5
INTERARCH,Interarch Building Solutions Limited,10
INTLCONV,International Conveyors Limited,1
INVENTURE,Inventure Growth & Securities Limited,1
IOB,Indian Overseas Bank,10
IOC,Indian Oil Corporation Limited,10
IOLCP,IOL Chemicals and Pharmaceuticals Limited,2
IONEXCHANG,ION Exchange (India) Limited,1
IPCALAB,IPCA Laboratories Limited,1
IPL,India Pesticides Limited,1
IRB,IRB Infrastructure Developers Limited,1
IRCON,Ircon International Limited,2
IRCTC,Indian Railway Catering And Tourism Corporation Limited,2
IREDA,Indian Renewable Energy Development Agency Limited,10
IRFC,Indian Railway Finance Corporation Limited,10
IRIS,Iris Business Services Limited,10
IRISDOREME,Iris Clothings Limited,2
IRMENERGY,IRM Energy Limited,10
ISFT,Intrasoft Technologies Limited,10
ISGEC,Isgec Heavy Engineering Limited,1
ISHANCH,Ishan Dyes and Chemicals Limited,10
ITC,ITC Limited,1
ITCHOTELS,ITC Hotels Limited,1
ITDC,India Tourism Development Corporation Limited,10
ITI,ITI Limited,10
IVALUE,Ivalue Infosolutions Limited,2
IVC,IL&FS Investment Managers Limited,2
IVP,IVP Limited,10
IXIGO,Le Travenues Technology Limited,1
IZMO,IZMO Limited,10
J&KBANK,The Jammu & Kashmir Bank Limited,1
JAGRAN,Jagran Prakashan Limited,2
JAGSNPHARM,Jagsonpal Pharmaceuticals Limited,2
JAIBALAJI,Jai Balaji Industries Limited,2
JAICORPLTD,Jai Corp Limited,1
JAINREC,Jain Resource Recycling Limited,2
JAIPURKURT,Nandani Creation Limited,10
JAMNAAUTO,Jamna Auto Industries Limited,1
JARO,Jaro Institute of Technology Management and Research Limited,10
JASH,Jash Engineering Limited,2
JAYAGROGN,Jayant Agro Organics Limited,5
JAYBARMARU,Jay Bharat Maruti Limited,2
JAYKAY,Jaykay Enterprises Limited,1
JAYNECOIND,Jayaswal Neco Industries Limited,10
JAYSREETEA,Jayshree Tea & Industries Limited,5
JBCHEPHARM,JB Chemicals & Pharmaceuticals Limited,1
JBMA,JBM Auto Limited,1
JCHAC,Johnson Controls - Hitachi Air Conditioning India Limited,10
JGCHEM,J.G.Chemicals Limited,10
JHS,JHS Svendgaard Laboratories Limited,10
JINDALPHOT,Jindal Photo Limited,10
JINDALPOLY,Jindal Poly Films Limited,10
JINDALSAW,Jindal Saw Limited,1
JINDALSTEL,JINDAL STEEL LIMITED,1
JINDRILL,Jindal Drilling And Industries Limited,5
JINDWORLD,Jindal Worldwide Limited,1
JIOFIN,Jio Financial Services Limited,10
JISLDVREQS,Jain Irrigation Systems Limited,2
JISLJALEQS,Jain Irrigation Systems Limited,2
JKCEMENT,JK Cement Limited,10
JKIL,J.Kumar Infraprojects Limited,5
JKIPL,Jinkushal Industries Limited,10
JKLAKSHMI,JK Lakshmi Cement Limited,5
JKPAPER,JK Paper Limited,10
JKTYRE,JK Tyre & Industries Limited,2
JLHL,Jupiter Life Line Hospitals Limited,10
JMA,Jullundur Motor Agency (Delhi) Limited,2
JMFINANCIL,JM Financial Limited,1
JNKINDIA,JNK India Limited,2
JOCIL,Jocil Limited,10
JPOLYINVST,Jindal Poly Investment and Finance Company Limited,10
JPPOWER,Jaiprakash Power Ventures Limited,10
JSFB,Jana Small Finance Bank Limited,10
JSL,Jindal Stainless Limited,2
JSLL,Jeena Sikho Lifecare Limited,2
JSWCEMENT,JSW Cement Limited,10
JSWENERGY,JSW Energy Limited,10
JSWHL,JSW Holdings Limited,10
JSWINFRA,JSW Infrastructure Limited,2
JSWSTEEL,JSW Steel Limited,1
JTEKTINDIA,Jtekt India Limited,1
JTLIND,JTL INDUSTRIES LIMITED,1
JUBLCPL,Jubilant Agri and Consumer Products Limited,10
JUBLFOOD,Jubilant Foodworks Limited,2
JUBLINGREA,Jubilant Ingrevia Limited,1
JUBLPHARMA,Jubilant Pharmova Limited,1
JUNIPER,Juniper Hotels Limited,10
JUSTDIAL,Just Dial Limited,10
JWL,Jupiter Wagons Limited,10
JYOTHYLAB,Jyothy Labs Limited,1
JYOTICNC,Jyoti CNC Automation Limited,2
JYOTISTRUC,Jyoti Structures Limited,2
KABRAEXTRU,Kabra Extrusion Technik Limited,5
KAJARIACER,Kajaria Ceramics Limited,1
KAKATCEM,Kakatiya Cement Sugar & Industries Limited,10
KALAMANDIR,Sai Silks (Kalamandir) Limited,2
KALPATARU,Kalpataru Limited,10
KALYANIFRG,Kalyani Forge Limited,10
KALYANKJIL,Kalyan Jewellers India Limited,10
KAMATHOTEL,Kamat Hotels (I) Limited,10
KAMDHENU,Kamdhenu Limited,1
KAMOPAINTS,Kamdhenu Ventures Limited,1
KANANIIND,Kanani Industries Limited,1
KANORICHEM,Kanoria Chemicals & Industries Limited,5
KANPRPLA,Kanpur Plastipack Limited,10
KANSAINER,Kansai Nerolac Paints Limited,1
KAPSTON,Kapston Services Limited,5
KARMAENG,Karma Energy Limited,10
KARURVYSYA,Karur Vysya Bank Limited,2
KAUSHALYA,Kaushalya Infrastructure Development Corporation Limited,1000
KAYA,Kaya Limited,10
KAYNES,Kaynes Technology India Limited,10
KCP,KCP Limited,1
KCPSUGIND,KCP Sugar and Industries Corporation Limited,1
KDDL,KDDL Limited,10
KEC,KEC International Limited,2
KECL,Kirloskar Electric Company Limited,10
KEEPLEARN,DSJ Keep Learning Limited,1
KEI,KEI Industries Limited,2
KELLTONTEC,Kellton Tech Solutions Limited,1
KERNEX,Kernex Microsystems (India) Limited,10
KESORAMIND,Kesoram Industries Limited,10
KEYFINSERV,Keynote Financial Services Limited,10
KFINTECH,Kfin Technologies Limited,10
KHADIM,Khadim India Limited,10
KHAICHEM,Khaitan Chemicals & Fertilizers Limited,1
KHAITANLTD,Khaitan (India) Limited,10
KHANDSE,Khandwala Securities Limited,10
KICL,Kalyani Investment Company Limited,10
KILITCH,Kilitch Drugs (India) Limited,10
KIMS,Krishna Institute of Medical Sciences Limited,2
KINGFA,Kingfa Science & Technology (India) Limited,10
KIOCL,KIOCL Limited,10
KIRIINDUS,Kiri Industries Limited,10
KIRLOSBROS,Kirloskar Brothers Limited,2
KIRLOSENG,Kirloskar Oil Engines Limited,2
KIRLOSIND,Kirloskar Industries Limited,10
KIRLPNU,Kirloskar Pneumatic Company Limited,2
KITEX,Kitex Garments Limited,1
KKCL,Kewal Kiran Clothing Limited,10
KMEW,Knowledge Marine & Engineering Works Limited,10
KMSUGAR,K.M.Sugar Mills Limited,2
KNAGRI,KN Agri Resources Limited,10
KNRCON,KNR Constructions Limited,2
KOHINOOR,Kohinoor Foods Limited,10
KOKUYOCMLN,Kokuyo Camlin Limited,1
KOLTEPATIL,Kolte - Patil Developers Limited,10
KOPRAN,Kopran Limited,10
KOTAKBANK,Kotak Mahindra Bank Limited,5
KOTARISUG,Kothari Sugars And Chemicals Limited,10
KOTHARIPET,Kothari Petrochemicals Limited,10
KOTHARIPRO,Kothari Products Limited,10
KPEL,K.P. Energy Limited,5
KPIGREEN,KPI Green Energy Limited,5
KPIL,Kalpataru Projects International Limited,2
KPITTECH,KPIT Technologies Limited,10
KPRMILL,K.P.R. Mill Limited,1
KRBL,KRBL Limited,1
KREBSBIO,Krebs Biochemicals and Industries Limited,10
KRIDHANINF,Kridhan Infra Limited,2
KRISHANA,Krishana Phoschem Limited,10
KRISHIVAL,Krishival Foods Limited,10
KRITI,Kriti Industries (India) Limited,1
KRITIKA,Kritika Wires Limited,2
KRITINUT,Kriti Nutrients Limited,1
KRN,KRN Heat Exchanger and Refrigeration Limited,10
KRONOX,Kronox Lab Sciences Limited,10
KROSS,Kross Limited,5
KRSNAA,Krsnaa Diagnostics Limited,5
KRYSTAL,Krystal Integrated Services Limited,10
KSB,Ksb Limited,2
KSCL,Kaveri Seed Company Limited,2
KSHITIJPOL,Kshitij Polyline Limited,2
KSL,Kalyani Steels Limited,5
KSOLVES,Ksolves India Limited,5
KSR,KSR Footwear Limited,10
KTKBANK,The Karnataka Bank Limited,10
KUANTUM,Kuantum Papers Limited,1
LAGNAM,Lagnam Spintex Limited,10
LAL,Lorenzini Apparels Limited,1
LALPATHLAB,Dr. Lal Path Labs Ltd.,10
LAMBODHARA,Lambodhara Textiles Limited,5
LANDMARK,Landmark Cars Limited,5
LAOPALA,La Opala RG Limited,2
LASA,Lasa Supergenerics Limited,10
LATENTVIEW,Latent View Analytics Limited,1
LAURUSLABS,Laurus Labs Limited,2
LAXMICOT,Laxmi Cotspin Limited,10
LAXMIDENTL,Laxmi Dental Limited,2
LAXMIINDIA,Laxmi India Finance Limited,5
LEMERITE,Le Merite Exports Limited,10
LEMONTREE,Lemon Tree Hotels Limited,10
LENSKART,Lenskart Solutions Limited,2
LEXUS,Lexus Granito (India) Limited,10
LFIC,Lakshmi Finance & Industrial Corporation Limited,10
LGBBROSLTD,LG Balakrishnan & Bros Limited,10
LGEINDIA,LG Electronics India Limited,10
LGHL,Laxmi Goldorna House Limited,10
LIBAS,Libas Consumer Products Limited,10
LIBERTSHOE,Liberty Shoes Limited,10
LICHSGFIN,LIC Housing Finance Limited,2
LICI,Life Insurance Corporation Of India,10
LIKHITHA,Likhitha Infrastructure Limited,5
LINC,Linc Limited,5
LINCOLN,Lincoln Pharmaceuticals Limited,10
LINDEINDIA,Linde India Limited,10
LLOYDSENGG,LLOYDS ENGINEERING WORKS LIMITED,1
LLOYDSENT,Lloyds Enterprises Limited,1
LLOYDSME,Lloyds Metals And Energy Limited,1
LMW,LMW Limited,10
LODHA,Lodha Developers Limited,10
LOKESHMACH,Lokesh Machines Limited,10
LORDSCHLO,Lords Chloro Alkali Limited,10
LOTUSDEV,Sri Lotus Developers and Realty Limited,1
LOTUSEYE,Lotus Eye Hospital and Institute Limited,10
LOVABLE,Lovable Lingerie Limited,10
LOYALTEX,Loyal Textile Mills Limited,10
LPDC,Landmark Property Development Company Limited,1
LT,Larsen & Toubro Limited,2
LTF,L&T Finance Limited,10
LTFOODS,LT Foods Limited,1
LTIM,LTIMindtree Limited,1
LTTS,L&T Technology Services Limited,2
LUMAXIND,Lumax Industries Limited,10
LUMAXTECH,Lumax Auto Technologies Limited,2
LUPIN,Lupin Limited,2
LUXIND,Lux Industries Limited,2
LXCHEM,Laxmi Organic Industries Limited,2
LYKALABS,Lyka Labs Limited,10
LYPSAGEMS,Lypsa Gems & Jewellery Limited,10
M&M,Mahindra & Mahindra Limited,5
M&MFIN,Mahindra & Mahindra Financial Services Limited,2
MAANALU,Maan Aluminium Limited,5
MACPOWER,Macpower CNC Machines Limited,10
MADHAV,Madhav Marbles and Granites Limited,10
MADHUCON,Madhucon Projects Limited,1
MADRASFERT,Madras Fertilizers Limited,10
MAGADSUGAR,Magadh Sugar & Energy Limited,10
MAGNUM,Magnum Ventures Limited,10
MAHABANK,Bank of Maharashtra,10
MAHAPEXLTD,Maha Rashtra Apex Corporation Limited,10
MAHEPC,Mahindra EPC Irrigation Limited,10
MAHESHWARI,Maheshwari Logistics Limited,10
MAHLIFE,Mahindra Lifespace Developers Limited,10
MAHLOG,Mahindra Logistics Limited,10
MAHSCOOTER,Maharashtra Scooters Limited,10
MAHSEAMLES,Maharashtra Seamless Limited,5
MAITHANALL,Maithan Alloys Limited,10
MALLCOM,Mallcom (India) Limited,10
MALUPAPER,Malu Paper Mills Limited,10
MAMATA,Mamata Machinery Limited,10
MANAKCOAT,Manaksia Coated Metals & Industries Limited,1
MANAKSIA,Manaksia Limited,2
MANAKSTEEL,Manaksia Steels Limited,1
MANALIPETC,Manali Petrochemicals Limited,5
MANAPPURAM,Manappuram Finance Limited,2
MANBA,Manba Finance Limited,10
MANCREDIT,Mangal Credit and Fincorp Limited,10
MANGALAM,Mangalam Drugs And Organics Limited,10
MANGLMCEM,Mangalam Cement Limited,10
MANINDS,Man Industries (India) Limited,5
MANINFRA,Man Infraconstruction Limited,2
MANKIND,Mankind Pharma Limited,1
MANORAMA,Manorama Industries Limited,2
MANORG,Mangalam Organics Limited,10
MANUGRAPH,Manugraph India Limited,2
MANYAVAR,Vedant Fashions Limited,1
MAPMYINDIA,C.E. Info Systems Limited,2
MARALOVER,Maral Overseas Limited,10
MARATHON,Marathon Nextgen Realty Limited,5
MARICO,Marico Limited,1
MARINE,Marine Electricals (India) Limited,2
MARKOLINES,Markolines Pavement Technologies Limited,10
MARKSANS,Marksans Pharma Limited,1
MARUTI,Maruti Suzuki India Limited,5
MASFIN,MAS Financial Services Limited,10
MASTEK,Mastek Limited,5
MASTERTR,Master Trust Limited,1
MATRIMONY,Matrimony.Com Limited,5
MAWANASUG,Mawana Sugars Limited,10
MAXESTATES,Max Estates Limited,10
MAXHEALTH,Max Healthcare Institute Limited,10
MAXIND,Max India Limited,10
MAYURUNIQ,Mayur Uniquoters Ltd,5
MAZDA,Mazda Limited,2
MAZDOCK,Mazagon Dock Shipbuilders Limited,5
MBAPL,Madhya Bharat Agro Products Limited,10
MBEL,M & B Engineering Limited,10
MBLINFRA,MBL Infrastructure Limited,10
MCL,Madhav Copper Limited,5
MCLOUD,Magellanic Cloud Limited,2
MCX,Multi Commodity Exchange of India Limited,10
MEDANTA,Global Health Limited,2
MEDIASSIST,Medi Assist Healthcare Services Limited,5
MEDICAMEQ,Medicamen Biotech Limited,10
MEDICO,Medico Remedies Limited,2
MEDPLUS,Medplus Health Services Limited,2
MEESHO,Meesho Limited,1
MEIL,Mangal Electrical Industries Limited,10
MENONBE,Menon Bearings Limited,1
METROBRAND,Metro Brands Limited,5
METROPOLIS,Metropolis Healthcare Limited,2
MFML,Mahalaxmi Fabric Mills Limited,10
MFSL,Max Financial Services Limited,2
MGEL,Mangalam Global Enterprise Limited,1
MGL,Mahanagar Gas Limited,10
MHLXMIRU,Mahalaxmi Rubtech Limited,10
MHRIL,Mahindra Holidays & Resorts India Limited,10
MICEL,MIC Electronics Limited,2
MIDHANI,Mishra Dhatu Nigam Limited,10
MIDWESTLTD,Midwest Limited,5
MINDACORP,Minda Corporation Limited,2
MINDTECK,Mindteck (India) Limited,10
MIRCELECTR,MIRC Electronics Limited,1
MIRZAINT,Mirza International Limited,2
MITCON,MITCON Consultancy & Engineering Services Limited,10
MITTAL,Mittal Life Style Limited,1
MKPL,M K Proteins Limited,1
MMFL,MM Forgings Limited,10
MMP,MMP Industries Limited,10
MMTC,MMTC Limited,1
MOBIKWIK,One Mobikwik Systems Limited,2
MODINATUR,Modi Naturals Limited,10
MODIRUBBER,Modi Rubber Limited,10
MODIS,Modis Navnirman Limited,10
MODISONLTD,MODISON LIMITED,1
MODTHREAD,Modern Threads (India) Limited,10
MOHITIND,Mohit Industries Limited,10
MOIL,MOIL Limited,10
MOKSH,Moksh Ornaments Limited,2
MOL,Meghmani Organics Limited,1
MOLDTECH,Mold-Tek Technologies Limited,2
MOLDTKPAC,Mold-Tek Packaging Limited,5
MONARCH,Monarch Networth Capital Limited,10
MONEYBOXX,Moneyboxx Finance Limited,10
MONTECARLO,Monte Carlo Fashions Limited,10
MOREPENLAB,Morepen Laboratories Limited,2
MOSCHIP,Moschip Technologies Limited,2
MOTHERSON,Samvardhana Motherson International Limited,1
MOTILALOFS,Motilal Oswal Financial Services Limited,1
MOTISONS,Motisons Jewellers Limited,1
MOTOGENFIN,The Motor & General Finance Limited,5
MPHASIS,MphasiS Limited,10
MPSLTD,MPS Limited,10
MRF,MRF Limited,10
MRPL,Mangalore Refinery and Petrochemicals Limited,10
MSPL,MSP Steel & Power Limited,10
MSTCLTD,Mstc Limited,10
MSUMI,Motherson Sumi Wiring India Limited,1
MTARTECH,Mtar Technologies Limited,10
MTNL,Mahanagar Telephone Nigam Limited,10
MUFIN,Mufin Green Finance Limited,1
MUFTI,Credo Brands Marketing Limited,2
MUKANDLTD,Mukand Limited,10
MUKKA,Mukka Proteins Limited,1
MUKTAARTS,Mukta Arts Limited,5
MUNJALAU,Munjal Auto Industries Limited,2
MUNJALSHOW,Munjal Showa Limited,2
MURUDCERA,Murudeshwar Ceramics Limited,10
MUTHOOTCAP,Muthoot Capital Services Limited,10
MUTHOOTFIN,Muthoot Finance Limited,10
MUTHOOTMF,Muthoot Microfin Limited,10
MVGJL,Manoj Vaibhav Gems N Jewellers Limited,10
MWL,Mangalam Worldwide Limited,10
NAGAFERT,Nagarjuna Fertilizers and Chemicals Limited,1
NAGREEKEXP,Nagreeka Exports Limited,5
NAHARCAP,Nahar Capital and Financial Services Limited,5
NAHARINDUS,Nahar Industrial Enterprises Limited,10
NAHARPOLY,Nahar Poly Films Limited,5
NAHARSPING,Nahar Spinning Mills Limited,5
NAM-INDIA,Nippon Life India Asset Management Limited,10
NATCAPSUQ,Natural Capsules Limited,10
NATCOPHARM,Natco Pharma Limited,2
NATHBIOGEN,Nath Bio-Genes (India) Limited,10
NATIONALUM,National Aluminium Company Limited,5
NAUKRI,Info Edge (India) Limited,2
NAVA,NAVA LIMITED,1
NAVINFLUOR,Navin Fluorine International Limited,2
NAVKARCORP,Navkar Corporation Limited,10
NAVKARURB,Navkar Urbanstructure Limited,1
NAVNETEDUL,Navneet Education Limited,2
NAZARA,Nazara Technologies Limited,2
NBCC,NBCC (India) Limited,1
NBIFIN,N. B. I. Industrial Finance Company Limited,5
NCC,NCC Limited,2
NCLIND,NCL Industries Limited,10
NDGL,Naga Dhunseri Group Limited,10
NDL,Nandan Denim Limited,1
NDLVENTURE,NDL Ventures Limited,10
NDRAUTO,Ndr Auto Components Limited,10
NDTV,New Delhi Television Limited,4
NECCLTD,North Eastern Carrying Corporation Limited,10
NELCAST,Nelcast Limited,2
NELCO,NELCO Limited,10
NEOGEN,Neogen Chemicals Limited,10
NESCO,Nesco Limited,2
NESTLEIND,Nestle India Limited,1
NETWEB,Netweb Technologies India Limited,2
NETWORK18,Network18 Media & Investments Limited,5
NEULANDLAB,Neuland Laboratories Limited,10
NEWGEN,Newgen Software Technologies Limited,10
NEXTMEDIA,Next Mediaworks Limited,10
NFL,National Fertilizers Limited,10
NGIL,Nakoda Group of Industries Limited,10
NGLFINE,NGL Fine-Chem Limited,5
NH,Narayana Hrudayalaya Ltd.,10
NHPC,NHPC Limited,10
NIACL,The New India Assurance Company Limited,5
NIBE,NIBE Limited,10
NIBL,NRB Industrial Bearings Limited,2
NIITLTD,NIIT Limited,2
NIITMTS,NIIT Learning Systems Limited,2
NILAINFRA,Nila Infrastructures Limited,1
NILKAMAL,Nilkamal Limited,10
NINSYS,NINtec Systems Limited,10
NIPPOBATRY,Indo-National Limited,5
NIRAJ,Niraj Cement Structurals Limited,10
NIRAJISPAT,Niraj Ispat Industries Limited,10
NITCO,Nitco Limited,10
NITINSPIN,Nitin Spinners Limited,10
NITIRAJ,Nitiraj Engineers Limited,10
NIVABUPA,Niva Bupa Health Insurance Company Limited,10
NKIND,NK Industries Limited,10
NLCINDIA,NLC India Limited,10
NMDC,NMDC Limited,1
NOCIL,NOCIL Limited,10
NOIDATOLL,Noida Toll Bridge Company Limited,10
NORTHARC,Northern Arc Capital Limited,10
NOVAAGRI,Nova Agritech Limited,2
NPST,Network People Services Technologies Limited,10
NRAIL,N R Agarwal Industries Limited,10
NRBBEARING,NRB Bearing Limited,2
NRL,Nupur Recyclers Limited,10
NSIL,Nalwa Sons Investments Limited,10
NSLNISP,NMDC Steel Limited,10
NTPC,NTPC Limited,10
NTPCGREEN,NTPC Green Energy Limited,10
NUCLEUS,Nucleus Software Exports Limited,10
NURECA,Nureca Limited,10
NUVAMA,Nuvama Wealth Management Limited,10
NUVOCO,Nuvoco Vistas Corporation Limited,10
NYKAA,FSN E-Commerce Ventures Limited,1
OAL,Oriental Aromatics Limited,5
OBCL,Orissa Bengal Carrier Limited,10
OBEROIRLTY,Oberoi Realty Limited,10
OCCLLTD,OCCL Limited,2
OFSS,Oracle Financial Services Software Limited,5
OIL,Oil India Limited,10
OILCOUNTUB,Oil Country Tubular Limited,10
OLAELEC,Ola Electric Mobility Limited,10
OLECTRA,Olectra Greentech Limited,4
OMAXAUTO,Omax Autos Limited,10
OMAXE,Omaxe Limited,10
OMFREIGHT,Om Freight Forwarders Limited,10
OMINFRAL,OM INFRA LIMITED,1
ONEPOINT,One Point One Solutions Limited,2
ONESOURCE,Onesource Specialty Pharma Limited,1
ONGC,Oil & Natural Gas Corporation Limited,5
ONMOBILE,OnMobile Global Limited,10
ONWARDTEC,Onward Technologies Limited,10
OPTIEMUS,Optiemus Infracom Limited,10
ORBTEXP,Orbit Exports Limited,10
ORCHASP,Orchasp Limited,2
ORCHPHARMA,Orchid Pharma Limited,10
ORIENTALTL,Oriental Trimex Limited,10
ORIENTBELL,Orient Bell Limited,10
ORIENTCEM,Orient Cement Limited,1
ORIENTCER,ORIENT CERATECH LIMITED,1
ORIENTELEC,Orient Electric Limited,1
ORIENTHOT,Oriental Hotels Limited,1
ORIENTLTD,Orient Press Limited,10
ORIENTPPR,Orient Paper & Industries Limited,1
ORIENTTECH,Orient Technologies Limited,10
ORISSAMINE,The Orissa Minerals Development Company Limited,1
ORKLAINDIA,Orkla India Limited,1
OSIAHYPER,Osia Hyper Retail Limited,1
OSWALAGRO,Oswal Agro Mills Limited,10
OSWALGREEN,Oswal Greentech Limited,10
OSWALPUMPS,Oswal Pumps Limited,1
OSWALSEEDS,ShreeOswal Seeds And Chemicals Limited,2
PACEDIGITK,Pace Digitek Limited,2
PAGEIND,Page Industries Limited,10
PAISALO,Paisalo Digital Limited,1
PAKKA,PAKKA LIMITED,10
PALASHSECU,Palash Securities Limited,10
PALREDTEC,Palred Technologies Limited,10
PANACEABIO,Panacea Biotec Limited,1
PANAMAPET,Panama Petrochem Limited,2
PAR,Par Drugs And Chemicals Limited,10
PARACABLES,Paramount Communications Limited,2
PARADEEP,Paradeep Phosphates Limited,10
PARAGMILK,Parag Milk Foods Limited,10
PARAS,Paras Defence and Space Technologies Limited,5
PARASPETRO,Paras Petrofils Limited,1
PARKHOTELS,Apeejay Surrendra Park Hotels Limited,1
PARSVNATH,Parsvnath Developers Limited,5
PASHUPATI,Pashupati Cotspin Limited,10
PASUPTAC,Pasupati Acrylon Limited,10
PATANJALI,Patanjali Foods Limited,2
PATELENG,Patel Engineering Limited,1
PATELRMART,Patel Retail Limited,10
PATINTLOG,Patel Integrated Logistics Limited,10
PAUSHAKLTD,Paushak Limited,5
PAVNAIND,Pavna Industries Limited,1
PAYTM,One 97 Communications Limited,1
PCBL,PCBL Chemical Limited,1
PCJEWELLER,PC Jeweller Limited,1
PDMJEPAPER,Pudumjee Paper Products Limited,1
PDSL,PDS Limited,2
PEARLPOLY,Pearl Polymers Limited,10
PENIND,Pennar Industries Limited,5
PENINLAND,Peninsula Land Limited,2
PERSISTENT,Persistent Systems Limited,5
PETRONET,Petronet LNG Limited,10
PFC,Power Finance Corporation Limited,10
PFIZER,Pfizer Limited,10
PFOCUS,Prime Focus Limited,1
PFS,PTC India Financial Services Limited,10
PGEL,PG Electroplast Limited,1
PGHH,Procter & Gamble Hygiene and Health Care Limited,10
PGHL,Procter & Gamble Health Limited,10
PGIL,Pearl Global Industries Limited,5
PHOENIXLTD,The Phoenix Mills Limited,2
PICCADIL,Piccadily Agro Industries Limited,10
PIDILITIND,Pidilite Industries Limited,1
PIGL,Power & Instrumentation (Gujarat) Limited,10
PIIND,PI Industries Limited,1
PILANIINVS,Pilani Investment and Industries Corporation Limited,10
PILITA,PIL ITALICA LIFESTYLE LIMITED,1
PINELABS,Pine Labs Limited,1
PIONEEREMB,Pioneer Embroideries Limited,10
PIRAMALFIN,Piramal Finance Limited,2
PITTIENG,Pitti Engineering Limited,5
PIXTRANS,Pix Transmissions Limited,10
PKTEA,The Peria Karamalai Tea & Produce Company Limited,10
PLASTIBLEN,Plastiblends India Limited,5
PLATIND,Platinum Industries Limited,10
PLAZACABLE,Plaza Wires Limited,10
PNB,Punjab National Bank,2
PNBGILTS,PNB Gilts Limited,10
PNBHOUSING,PNB Housing Finance Limited,10
PNC,Pritish Nandy Communications Limited,10
PNCINFRA,PNC Infratech Limited,2
PNGJL,P N Gadgil Jewellers Limited,10
POCL,Pondy Oxides & Chemicals Limited,5
PODDARMENT,Poddar Pigments Limited,10
POKARNA,Pokarna Limited,2
POLICYBZR,PB Fintech Limited,2
POLYCAB,Polycab India Limited,10
POLYMED,Poly Medicure Limited,5
POLYPLEX,Polyplex Corporation Limited,10
PONNIERODE,Ponni Sugars (Erode) Limited,10
POONAWALLA,Poonawalla Fincorp Limited,2
POWERGRID,Power Grid Corporation of India Limited,10
POWERINDIA,Hitachi Energy India Limited,2
POWERMECH,Power Mech Projects Limited,10
PPAP,PPAP Automotive Limited,10
PPL,Prakash Pipes Limited,10
PPLPHARMA,Piramal Pharma Limited,10
PRABHA,Prabha Energy Limited,1
PRAJIND,Praj Industries Limited,2
PRAKASH,Prakash Industries Limited,10
PRAKASHSTL,Prakash Steelage Limited,1
PRAXIS,Praxis Home Retail Limited,5
PRECAM,Precision Camshafts Limited,10
PRECOT,Precot Limited,10
PRECWIRE,Precision Wires India Limited,1
PREMEXPLN,Premier Explosives Limited,2
PREMIERENE,Premier Energies Limited,1
PREMIERPOL,Premier Polyfilm Limited,1
PRESTIGE,Prestige Estates Projects Limited,10
PRICOLLTD,Pricol Limited,1
PRIMESECU,Prime Securities Limited,5
PRIMO,Primo Chemicals Limited,2
PRINCEPIPE,Prince Pipes And Fittings Limited,10
PRITI,Priti International Limited,10
PRITIKAUTO,Pritika Auto Industries Limited,2
PRIVISCL,Privi Speciality Chemicals Limited,10
PROSTARM,Prostarm Info Systems Limited,10
PROTEAN,Protean eGov Technologies Limited,10
PRSMJOHNSN,Prism Johnson Limited,10
PRUDENT,Prudent Corporate Advisory Services Limited,5
PRUDMOULI,Prudential Sugar Corporation Limited,10
PSB,Punjab & Sind Bank,10
PSPPROJECT,PSP Projects Limited,10
PTC,PTC India Limited,10
PTCIL,PTC Industries Limited,10
PTL,PTL Enterprises Limited,1
PUNJABCHEM,Punjab Chemicals & Crop Protection Limited,10
PURVA,Puravankara Limited,5
PVRINOX,PVR INOX Limited,10
PVSL,Popular Vehicles and Services Limited,2
PWL,Physicswallah Limited,1
PYRAMID,Pyramid Technoplast Limited,10
QPOWER,Quality Power Electrical Equipments Limited,10
QUADFUTURE,Quadrant Future Tek Limited,10
QUESS,Quess Corp Limited,10
QUICKHEAL,Quick Heal Technologies Limited,10
RACE,Race Eco Chain Limited,10
RACLGEAR,RACL Geartech Limited,10
RADAAN,Radaan Mediaworks India Limited,2
RADHIKAJWE,Radhika Jeweltech Limited,2
RADIANTCMS,Radiant Cash Management Services Limited,1
RADICO,Radico Khaitan Limited,2
RADIOCITY,Music Broadcast Limited,2
RAILTEL,Railtel Corporation Of India Limited,10
RAIN,Rain Industries Limited,2
RAINBOW,Rainbow Childrens Medicare Limited,10
RAJESHEXPO,Rajesh Exports Limited,1
RAJMET,Rajnandini Metal Limited,1
RAJOOENG,Rajoo Engineers Limited,1
RAJRATAN,Rajratan Global Wire Limited,2
RAJSREESUG,Rajshree Sugars & Chemicals Limited,10
RAJTV,Raj Television Network Limited,5
RALLIS,Rallis India Limited,1
RAMANEWS,Shree Rama Newsprint Limited,10
RAMAPHO,Rama Phosphates Limited,5
RAMASTEEL,Rama Steel Tubes Limited,1
RAMCOCEM,The Ramco Cements Limited,1
RAMCOIND,Ramco Industries Limited,1
RAMCOSYS,Ramco Systems Limited,10
RAMKY,Ramky Infrastructure Limited,10
RAMRAT,Ram Ratna Wires Limited,5
RANASUG,Rana Sugars Limited,10
RANEHOLDIN,Rane Holdings Limited,10
RATEGAIN,Rategain Travel Technologies Limited,1
RATNAMANI,Ratnamani Metals & Tubes Limited,2
RATNAVEER,Ratnaveer Precision Engineering Limited,10
RAYMOND,Raymond Limited,10
RAYMONDLSL,Raymond Lifestyle Limited,2
RAYMONDREL,Raymond Realty Limited,10
RBA,Restaurant Brands Asia Limited,10
RBLBANK,RBL Bank Limited,10
RBZJEWEL,RBZ Jewellers Limited,10
RCF,Rashtriya Chemicals and Fertilizers Limited,10
RECLTD,REC Limited,10
REDINGTON,Redington Limited,2
REDTAPE,Redtape Limited,2
REFEX,Refex Industries Limited,2
REGAAL,Regaal Resources Limited,5
REGENCERAM,Regency Ceramics Limited,10
RELAXO,Relaxo Footwears Limited,1
RELCHEMQ,Reliance Chemotex Industries Limited,10
RELIANCE,Reliance Industries Limited,10
RELIGARE,Religare Enterprises Limited,10
RELTD,Ravindra Energy Limited,10
REMSONSIND,Remsons Industries Limited,2
RENUKA,Shree Renuka Sugars Limited,1
REPCOHOME,Repco Home Finance Limited,10
REPL,Rudrabhishek Enterprises Limited,10
REPRO,Repro India Limited,10
RESPONIND,Responsive Industries Limited,1
RETAIL,JHS Svendgaard Retail Ventures Limited,10
RGL,Renaissance Global Limited,2
RHETAN,Rhetan TMT Limited,1
RHIM,RHI MAGNESITA INDIA LIMITED,1
RHL,Robust Hotels Limited,10
RICOAUTO,Rico Auto Industries Limited,1
RIIL,Reliance Industrial Infrastructure Limited,10
RISHABH,Rishabh Instruments Limited,10
RITCO,Ritco Logistics Limited,10
RITES,RITES Limited,10
RKDL,Ravi Kumar Distilleries Limited,10
RKEC,RKEC Projects Limited,10
RKFORGE,Ramkrishna Forgings Limited,2
RKSWAMY,R K Swamy Limited,5
RMDRIP,R M Drip and Sprinklers Systems Limited,1
RML,Rane (Madras) Limited,10
RNBDENIMS,R&B Denims Limited,2
ROHLTD,Royal Orchid Hotels Limited,10
ROLEXRINGS,Rolex Rings Limited,1
ROLLT,Rollatainers Limited,1
ROML,Raj Oil Mills Limited,10
ROSSARI,Rossari Biotech Limited,2
ROSSELLIND,Rossell India Limited,2
ROSSTECH,Rossell Techsys Limited,2
ROTO,Roto Pumps Limited,1
ROUTE,ROUTE MOBILE LIMITED,10
RPEL,Raghav Productivity Enhancers Limited,10
RPGLIFE,RPG Life Sciences Limited,8
RPOWER,Reliance Power Limited,10
RPPINFRA,R.P.P. Infra Projects Limited,10
RPPL,Rajshree Polypack Limited,5
RPSGVENT,RPSG VENTURES LIMITED,10
RPTECH,Rashi Peripherals Limited,5
RRKABEL,R R Kabel Limited,5
RSSOFTWARE,R. S. Software (India) Limited,5
RSWM,RSWM Limited,10
RSYSTEMS,R Systems International Limited,1
RTNINDIA,RattanIndia Enterprises Limited,2
RTNPOWER,RattanIndia Power Limited,10
RUBFILA,Rubfila International Limited,5
RUBICON,Rubicon Research Limited,1
RUBYMILLS,The Ruby Mills Limited,5
RUCHINFRA,Ruchi Infrastructure Limited,1
RUCHIRA,Ruchira Papers Limited,10
RUPA,Rupa & Company Limited,1
RUSHIL,Rushil Decor Limited,1
RUSTOMJEE,Keystone Realtors Limited,10
RVNL,Rail Vikas Nigam Limited,10
RVTH,Revathi Equipment India Limited,10
S&SPOWER,S&S Power Switchgears Limited,10
SAATVIKGL,Saatvik Green Energy Limited,2
SABTNL,Sri Adhikari Brothers Television Network Limited,10
SADBHAV,Sadbhav Engineering Limited,1
SADBHIN,Sadbhav Infrastructure Project Limited,10
SADHNANIQ,Sadhana Nitrochem Limited,1
SAFARI,Safari Industries (India) Limited,2
SAGARDEEP,Sagardeep Alloys Limited,10
SAGCEM,Sagar Cements Limited,2
SAGILITY,SAGILITY LIMITED,10
SAHYADRI,Sahyadri Industries Limited,10
SAIL,Steel Authority of India Limited,10
SAILIFE,Sai Life Sciences Limited,1
SAKAR,Sakar Healthcare Limited,10
SAKHTISUG,Sakthi Sugars Limited,10
SAKSOFT,Saksoft Limited,1
SAKUMA,Sakuma Exports Limited,1
SALASAR,Salasar Techno Engineering Limited,1
SALONA,Salona Cotspin Limited,10
SALZERELEC,Salzer Electronics Limited,10
SAMBHV,Sambhv Steel Tubes Limited,10
SAMHI,Samhi Hotels Limited,1
SAMMAANCAP,Sammaan Capital Limited,2
SAMPANN,Sampann Utpadan India Limited,10
SANATHAN,Sanathan Textiles Limited,10
SANDESH,The Sandesh Limited,10
SANDHAR,Sandhar Technologies Limited,10
SANDUMA,Sandur Manganese & Iron Ores Limited,10
SANGAMIND,Sangam (India) Limited,10
SANGHIIND,Sanghi Industries Limited,10
SANGHVIMOV,Sanghvi Movers Limited,1
SANGINITA,Sanginita Chemicals Limited,10
SANOFI,Sanofi India Limited,10
SANOFICONR,Sanofi Consumer Healthcare India Limited,10
SANSERA,Sansera Engineering Limited,2
SANSTAR,Sanstar Limited,2
SAPPHIRE,Sapphire Foods India Limited,2
SARDAEN,Sarda Energy & Minerals Limited,1
SAREGAMA,Saregama India Limited,1
SARLAPOLY,Sarla Performance Fibers Limited,1
SARVESHWAR,Sarveshwar Foods Limited,1
SASKEN,Sasken Technologies Limited,10
SASTASUNDR,Sastasundar Ventures Limited,10
SATIA,Satia Industries Limited,1
SATIN,Satin Creditcare Network Limited,10
SAURASHCEM,Saurashtra Cement Limited,10
SBC,SBC Exports Limited,1
SBCL,Shivalik Bimetal Controls Limited,2
SBFC,SBFC Finance Limited,10
SBGLP,Suratwwala Business Group Limited,1
SBICARD,SBI Cards and Payment Services Limited,10
SBILIFE,SBI Life Insurance Company Limited,10
SBIN,State Bank of India,1
SCHAEFFLER,Schaeffler India Limited,2
SCHAND,S Chand And Company Limited,5
SCHNEIDER,Schneider Electric Infrastructure Limited,2
SCI,Shipping Corporation Of India Limited,10
SCILAL,Shipping Corporation of India Land and Assets Limited,10
SCODATUBES,Scoda Tubes Limited,10
SCPL,Sheetal Cool Products Limited,10
SDBL,Som Distilleries & Breweries Limited,2
SEAMECLTD,Seamec Limited,10
SECMARK,SecMark Consultancy Limited,10
SELMC,SEL Manufacturing Company Limited,10
SEMAC,Semac Construction Limited,10
SENCO,Senco Gold Limited,5
SENORES,Senores Pharmaceuticals Limited,10
SEPC,SEPC Limited,10
SEQUENT,Sequent Scientific Limited,2
SERVOTECH,Servotech Renewable Power System Limited,1
SESHAPAPER,Seshasayee Paper and Boards Limited,2
SETCO,Setco Automotive Limited,2
SFL,Sheela Foam Limited,5
SGFIN,SG Finserve Limited,10
SGIL,Synergy Green Industries Limited,10
SGL,STL Global Limited,10
SGLTL,Standard Glass Lining Technology Limited,10
SGMART,SG Mart Limited,1
SHAH,Shah Metacorp Limited,1
SHAHALLOYS,Shah Alloys Limited,10
SHAILY,Shaily Engineering Plastics Limited,2
SHAKTIPUMP,Shakti Pumps (India) Limited,10
SHALBY,Shalby Limited,10
SHALPAINTS,Shalimar Paints Limited,2
SHANKARA,Shankara Building Products Limited,10
SHANTI,Shanti Overseas (India) Limited,10
SHANTIGEAR,Shanthi Gears Limited,1
SHANTIGOLD,Shanti Gold International Limited,10
SHARDACROP,Sharda Cropchem Limited,10
SHARDAMOTR,Sharda Motor Industries Limited,2
SHAREINDIA,Share India Securities Limited,2
SHEKHAWATI,Shekhawati Industries Limited,10
SHEMAROO,Shemaroo Entertainment Limited,10
SHILCTECH,Shilchar Technologies Limited,10
SHILPAMED,Shilpa Medicare Limited,1
SHIVALIK,Shivalik Rasayan Limited,5
SHIVAMAUTO,Shivam Autotech Limited,2
SHIVAMILLS,Shiva Mills Limited,10
SHIVATEX,Shiva Texyarn Limited,10
SHIVAUM,Shiv Aum Steels Limited,10
SHK,S H Kelkar and Company Limited,10
SHOPERSTOP,Shoppers Stop Limited,5
SHRADHA,Shradha Infraprojects Limited,2
SHREDIGCEM,Shree Digvijay Cement Co.Ltd,10
SHREECEM,SHREE CEMENT LIMITED,10
SHREEJISPG,Shreeji Shipping Global Limited,10
SHREEPUSHK,Shree Pushkar Chemicals & Fertilisers Limited,10
SHRENIK,Shrenik Limited,1
SHREYANIND,Shreyans Industries Limited,10
SHRINGARMS,Shringar House of Mangalsutra Limited,10
SHRIPISTON,Shriram Pistons & Rings Limited,10
SHRIRAMFIN,Shriram Finance Limited,2
SHRIRAMPPS,Shriram Properties Limited,10
SHYAMMETL,Shyam Metalics and Energy Limited,10
SHYAMTEL,Shyam Telecom Limited,10
SIEMENS,Siemens Limited,2
SIGACHI,Sigachi Industries Limited,1
SIGIND,Signet Industries Limited,10
SIGNATURE,Signatureglobal (India) Limited,1
SIGNPOST,Signpost India Limited,2
SIL,Standard Industries Limited,5
SILGO,Silgo Retail Limited,10
SILINV,SIL Investments Limited,10
SILVERTUC,Silver Touch Technologies Limited,10
SIMPLEXINF,Simplex Infrastructures Limited,2
SINCLAIR,Sinclairs Hotels Limited,2
SINDHUTRAD,Sindhu Trade Links Limited,1
SINTERCOM,Sintercom India Limited,10
SIRCA,Sirca Paints India Limited,10
SIS,SIS LIMITED,5
SIYSIL,Siyaram Silk Mills Limited,2
SJS,S.J.S. Enterprises Limited,10
SJVN,SJVN Limited,10
SKFINDIA,SKF India Limited,10
SKIPPER,Skipper Limited,1
SKMEGGPROD,SKM Egg Products Export (India) Limited,10
SKYGOLD,SKY GOLD AND DIAMONDS LIMITED,10
SMARTLINK,Smartlink Holdings Limited,2
SMARTWORKS,Smartworks Coworking Spaces Limited,10
SMCGLOBAL,SMC Global Securities Limited,2
SMLMAH,SML Mahindra Limited,10
SMLT,Sarthak Metals Limited,10
SMSPHARMA,SMS Pharmaceuticals Limited,1
SNOWMAN,Snowman Logistics Limited,10
SOBHA,Sobha Limited,10
SOFTTECH,Softtech Engineers Limited,10
SOLARA,Solara Active Pharma Sciences Limited,10
SOLARINDS,Solar Industries India Limited,2
SOLARWORLD,Solarworld Energy Solutions Limited,5
SOLEX,Solex Energy Limited,10
SOMANYCERA,Somany Ceramics Limited,2
SOMICONVEY,Somi Conveyor Beltings Limited,10
SONACOMS,Sona BLW Precision Forgings Limited,10
SONAMLTD,SONAM LIMITED,5
SONATSOFTW,Sonata Software Limited,1
SOTL,Savita Oil Technologies Limited,2
SOUTHBANK,The South Indian Bank Limited,1
SPAL,S. P. Apparels Limited,10
SPANDANA,Spandana Sphoorty Financial Limited,10
SPARC,Sun Pharma Advanced Research Company Limited,1
SPECIALITY,Speciality Restaurants Limited,10
SPECTRUM,Spectrum Electrical Industries Limited,10
SPENCERS,Spencer's Retail Limited,5
SPIC,Southern Petrochemicals Industries Corporation  Limited,10
SPLIL,SPL Industries Limited,10
SPLPETRO,Supreme Petrochem Limited,2
SPMLINFRA,SPML Infra Limited,2
SPORTKING,Sportking India Limited,1
SRD,Shankar Lal Rampal Dye-Chem Limited,10
SREEL,Sreeleathers Limited,10
SRF,SRF Limited,10
SRGHFL,SRG Housing Finance Limited,10
SRHHYPOLTD,Sree Rayalaseema Hi-Strength Hypo Limited,10
SRM,SRM Contractors Limited,10
SSDL,Saraswati Saree Depot Limited,10
SSWL,Steel Strips Wheels Limited,1
STANLEY,Stanley Lifestyles Limited,2
STAR,Strides Pharma Science Limited,10
STARCEMENT,Star Cement Limited,1
STARHEALTH,Star Health and Allied Insurance Company Limited,10
STARPAPER,Star Paper Mills Limited,10
STARTECK,Starteck Finance Limited,10
STCINDIA,The State Trading Corporation of India Limited,10
STEELCAS,Steelcast Limited,1
STEELCITY,Steel City Securities Limited,10
STEELXIND,STEEL EXCHANGE INDIA LIMITED,1
STEL,Stel Holdings Limited,10
STERTOOLS,Sterling Tools Limited,2
STLNETWORK,STL Networks Limited,2
STLTECH,Sterlite Technologies Limited,2
STOVEKRAFT,Stove Kraft Limited,10
STUDDS,Studds Accessories Limited,5
STYL,Seshaasai Technologies Limited,10
STYLAMIND,Stylam Industries Limited,5
STYLEBAAZA,Baazar Style Retail Limited,5
STYRENIX,Styrenix Performance Materials Limited,10
SUBEXLTD,Subex Limited,5
SUBROS,Subros Limited,2
SUDARSCHEM,Sudarshan Chemical Industries Limited,2
SUDEEPPHRM,Sudeep Pharma Limited,1
SUKHJITS,Sukhjit Starch & Chemicals Limited,5
SULA,Sula Vineyards Limited,2
SUMICHEM,Sumitomo Chemical India Limited,10
SUMIT,Sumit Woods Limited,10
SUMMITSEC,Summit Securities Limited,10
SUNCLAY,Sundaram Clayton Limited,5
SUNDARAM,Sundaram Multi Pap Limited,1
SUNDARMFIN,Sundaram Finance Limited,10
SUNDRMBRAK,Sundaram Brake Linings Limited,10
SUNDRMFAST,Sundram Fasteners Limited,1
SUNDROP,Sundrop Brands Limited,10
SUNFLAG,Sunflag Iron And Steel Company Limited,10
SUNPHARMA,Sun Pharmaceutical Industries Limited,1
SUNTECK,Sunteck Realty Limited,1
SUNTV,Sun TV Network Limited,5
SUPERHOUSE,Superhouse Limited,10
SUPERSPIN,Super Spinning Mills Limited,1
SUPRAJIT,Suprajit Engineering Limited,1
SUPREME,Supreme Holdings & Hospitality (India) Limited,10
SUPREMEIND,Supreme Industries Limited,2
SUPRIYA,Supriya Lifescience Limited,2
SURAJEST,Suraj Estate Developers Limited,5
SURAJLTD,Suraj Limited,10
SURAKSHA,Suraksha Diagnostic Limited,2
SURANASOL,Surana Solar Limited,5
SURANAT&P,Surana Telecom and Power Limited,1
SURYALAXMI,Suryalakshmi Cotton Mills Limited,10
SURYAROSNI,Surya Roshni Limited,5
SURYODAY,Suryoday Small Finance Bank Limited,10
SUTLEJTEX,Sutlej Textiles and Industries Limited,1
SUVEN,Suven Life Sciences Limited,1
SUVIDHAA,Suvidhaa Infoserve Limited,1
SUYOG,Suyog Telematics Limited,10
SUZLON,Suzlon Energy Limited,2
SVLL,Shree Vasu Logistics Limited,10
SWANCORP,SWAN CORP LIMITED,1
SWARAJENG,Swaraj Engines Limited,10
SWELECTES,Swelect Energy Systems Limited,10
SWIGGY,Swiggy Limited,1
SWSOLAR,Sterling and Wilson Renewable Energy Limited,1
SYMPHONY,Symphony Limited,2
SYNCOMF,Syncom Formulations (India) Limited,1
SYNGENE,Syngene International Limited,10
SYRMA,Syrma SGS Technology Limited,10
SYSTMTXC,Systematix Corporate Services Limited,1
TAINWALCHM,Tainwala Chemical and Plastic (I) Limited,10
TAJGVK,Taj GVK Hotels & Resorts Limited,2
TALBROAUTO,Talbros Automotive Components Limited,2
TANLA,Tanla Platforms Limited,1
TARACHAND,Tara Chand InfraLogistic Solutions Limited,2
TARC,TARC Limited,2
TARIL,Transformers And Rectifiers (India) Limited,1
TARMAT,Tarmat Limited,10
TARSONS,Tarsons Products Limited,2
TASTYBITE,Tasty Bite Eatables Limited,10
TATACAP,Tata Capital Limited,10
TATACHEM,Tata Chemicals Limited,10
TATACOMM,Tata Communications Limited,10
TATACONSUM,TATA CONSUMER PRODUCTS LIMITED,1
TATAELXSI,Tata Elxsi Limited,10
TATAINVEST,Tata Investment Corporation Limited,1
TATAPOWER,Tata Power Company Limited,1
TATASTEEL,Tata Steel Limited,1
TATATECH,Tata Technologies Limited,2
TATVA,Tatva Chintan Pharma Chem Limited,10
TBOTEK,TBO Tek Limited,1
TBZ,Tribhovandas Bhimji Zaveri Limited,10
TCI,Transport Corporation of India Limited,2
TCIEXP,TCI Express Limited,2
TCIFINANCE,TCI Finance Limited,10
TCPLPACK,TCPL Packaging Limited,10
TCS,Tata Consultancy Services Limited,1
TDPOWERSYS,TD Power Systems Limited,2
TEAMGTY,Team India Guaranty Limited,10
TEAMLEASE,Teamlease Services Limited,10
TECHM,Tech Mahindra Limited,5
TECHNOE,Techno Electric & Engineering Company Limited,2
TECILCHEM,TECIL Chemicals and Hydro Power Limited,10
TEGA,Tega Industries Limited,10
TEJASNET,Tejas Networks Limited,10
TEMBO,Tembo Global Industries Limited,10
TENNIND,Tenneco Clean Air India Limited,10
TEXINFRA,Texmaco Infrastructure & Holdings Limited,1
TEXMOPIPES,Texmo Pipes and Products Limited,10
TEXRAIL,Texmaco Rail & Engineering Limited,1
TFCILTD,Tourism Finance Corporation of India Limited,2
TFL,Transwarranty Finance Limited,10
TGBHOTELS,TGB Banquets And Hotels Limited,10
THANGAMAYL,Thangamayil Jewellery Limited,10
THEINVEST,The Investment Trust Of India Limited,10
THEJO,Thejo Engineering Limited,10
THELEELA,Leela Palaces Hotels & Resorts Limited,10
THEMISMED,Themis Medicare Limited,1
THERMAX,Thermax Limited,2
THOMASCOOK,Thomas Cook  (India)  Limited,1
THOMASCOTT,Thomas Scott (India) Limited,10
THYROCARE,Thyrocare Technologies Limited,10
TI,Tilaknagar Industries Limited,10
TIGERLOGS,Tiger Logistics (India) Limited,1
TIIL,Technocraft Industries (India) Limited,10
TIINDIA,Tube Investments of India Limited,1
TIJARIA,Tijaria Polypipes Limited,10
TIL,TIL Limited,10
TIMETECHNO,Time Technoplast Limited,1
TIMKEN,Timken India Limited,10
TINNARUBR,Tinna Rubber and Infrastructure Limited,10
TIPSFILMS,Tips Films Limited,10
TIPSMUSIC,Tips Music Limited,1
TIRUMALCHM,Thirumalai Chemicals Limited,1
TIRUPATIFL,Tirupati Forge Limited,2
TITAGARH,TITAGARH RAIL SYSTEMS LIMITED,2
TITAN,Titan Company Limited,1
TMB,Tamilnad Mercantile Bank Limited,10
TMCV,Tata Motors Limited,2
TMPV,Tata Motors Passenger Vehicles Limited,2
TNPETRO,Tamilnadu PetroProducts Limited,10
TNPL,Tamil Nadu Newsprint & Papers Limited,10
TNTELE,Tamilnadu Telecommunication Limited,10
TOKYOPLAST,Tokyo Plast International Limited,10
TOLINS,Tolins Tyres Limited,5
TORNTPHARM,Torrent Pharmaceuticals Limited,5
TORNTPOWER,Torrent Power Limited,10
TOTAL,Total Transport Systems Limited,10
TOUCHWOOD,Touchwood Entertainment Limited,10
TPHQ,Teamo Productions HQ Limited,1
TPLPLASTEH,TPL Plastech Limited,2
TRACXN,Tracxn Technologies Limited,1
TRANSRAILL,Transrail Lighting Limited,2
TRANSWORLD,TRANSWORLD SHIPPING LINES LIMITED,10
TRAVELFOOD,Travel Food Services Limited,1
TREEHOUSE,Tree House Education & Accessories Limited,10
TREL,Transindia Real Estate Limited,2
TRENT,Trent Limited,1
TRF,TRF Limited,10
TRIDENT,Trident Limited,1
TRIGYN,Trigyn Technologies Limited,10
TRITURBINE,Triveni Turbine Limited,1
TRIVENI,Triveni Engineering & Industries Limited,1
TRU,TruCap Finance Limited,2
TRUALT,TruAlt Bioenergy Limited,10
TSFINV,TSF INVESTMENTS LIMITED,5
TTKHLTCARE,TTK Healthcare Limited,10
TTKPRESTIG,TTK Prestige Limited,1
TTL,T T Limited,1
TTML,Tata Teleservices (Maharashtra) Limited,10
TVSHLTD,TVS Holdings Limited,5
TVSMOTOR,TVS Motor Company Limited,1
TVSSCS,TVS Supply Chain Solutions Limited,1
TVSSRICHAK,TVS Srichakra Limited,10
TVTODAY,TV Today Network Limited,5
TVVISION,TV Vision Limited,10
UBL,United Breweries Limited,1
UCAL,UCAL LIMITED,10
UCOBANK,UCO Bank,10
UDS,Updater Services Limited,10
UFBL,United Foodbrands Limited,5
UFLEX,UFLEX Limited,10
UFO,UFO Moviez India Limited,10
UGARSUGAR,The Ugar Sugar Works Limited,1
UGROCAP,Ugro Capital Limited,10
UJJIVANSFB,Ujjivan Small Finance Bank Limited,10
ULTRACEMCO,UltraTech Cement Limited,10
UMAEXPORTS,Uma Exports Limited,10
UMESLTD,Usha Martin Education & Solutions Limited,1
UMIYA-MRO,UMIYA BUILDCON LIMITED,5
UNICHEMLAB,Unichem Laboratories Limited,2
UNIDT,United Drilling Tools Limited,10
UNIECOM,Unicommerce Esolutions Limited,1
UNIENTER,Uniphos Enterprises Limited,2
UNIINFO,Uniinfo Telecom Services Limited,10
UNIMECH,Unimech Aerospace and Manufacturing Limited,5
UNIONBANK,Union Bank of India,10
UNIPARTS,Uniparts India Limited,10
UNITDSPR,United Spirits Limited,2
UNITECH,Unitech Limited,2
UNITEDTEA,The United Nilgiri Tea Estates Company Limited,10
UNIVASTU,Univastu India Limited,10
UNIVCABLES,Universal Cables Limited,10
UNIVPHOTO,Universus Photo Imagings Limited,10
UNOMINDA,UNO Minda Limited,2
UPL,UPL Limited,2
URAVIDEF,Uravi Defence and Technology Limited,10
URBANCO,Urban Company Limited,1
URJA,Urja Global Limited,1
USHAMART,Usha Martin Limited,1
USK,Udayshivakumar Infra Limited,10
UTIAMC,UTI Asset Management Company Limited,10
UTKARSHBNK,Utkarsh Small Finance Bank Limited,10
UTLSOLAR,Fujiyama Power Systems Limited,1
UTTAMSUGAR,Uttam Sugar Mills Limited,10
V2RETAIL,V2 Retail Limited,10
VADILALIND,Vadilal Industries Limited,10
VAIBHAVGBL,Vaibhav Global Limited,2
VAISHALI,Vaishali Pharma Limited,2
VAKRANGEE,Vakrangee Limited,1
VALIANTLAB,Valiant Laboratories Limited,10
VALIANTORG,Valiant Organics Limited,10
VARDHACRLC,Vardhman Acrylics Limited,10
VARDMNPOLY,Vardhman Polytex Limited,1
VARROC,Varroc Engineering Limited,1
VASCONEQ,Vascon Engineers Limited,10
VASWANI,Vaswani Industries Limited,10
VBL,Varun Beverages Limited,2
VEDL,Vedanta Limited,1
VEEDOL,Veedol Corporation Limited,2
VENKEYS,Venky's (India) Limited,10
VENTIVE,Ventive Hospitality Limited,1
VENUSPIPES,Venus Pipes & Tubes Limited,10
VERANDA,Veranda Learning Solutions Limited,10
VERTOZ,Vertoz Limited,10
VESUVIUS,Vesuvius India Limited,1
VETO,Veto Switchgears And Cables Limited,10
VGL,VARVEE GLOBAL LIMITED,10
VGUARD,V-Guard Industries Limited,1
VHL,Vardhman Holdings Limited,10
VIDHIING,Vidhi Specialty Food Ingredients Limited,1
VIDYAWIRES,Vidya Wires Limited,1
VIJAYA,Vijaya Diagnostic Centre Limited,1
VIJIFIN,Viji Finance Limited,1
VIKASECO,Vikas EcoTech Limited,1
VIKASLIFE,Vikas Lifecare Limited,1
VIKRAMSOLR,Vikram Solar Limited,10
VIKRAN,Vikran Engineering Limited,1
VIMTALABS,Vimta Labs Limited,2
VINATIORGA,Vinati Organics Limited,1
VINCOFE,Vintage Coffee And Beverages Limited,10
VINDHYATEL,Vindhya Telelinks Limited,10
VINEETLAB,Vineet Laboratories Limited,10
VINNY,Vinny Overseas Limited,1
VINYLINDIA,Vinyl Chemicals (India) Limited,1
VIPCLOTHNG,VIP Clothing Limited,2
VIPIND,VIP Industries Limited,2
VIPULLTD,Vipul Limited,1
VISAKAIND,Visaka Industries Limited,2
VISHNU,Vishnu Chemicals Limited,2
VISHWARAJ,Vishwaraj Sugar Industries Limited,2
VIVIDHA,Visagar Polytex Limited,1
VLEGOV,VL E-Governance & IT Solutions Limited,10
VLSFINANCE,VLS Finance Limited,10
VMART,V-Mart Retail Limited,10
VMM,Vishal Mega Mart Limited,10
VMSTMT,VMS TMT Limited,10
VOLTAMP,Voltamp Transformers Limited,10
VOLTAS,Voltas Limited,1
VPRPL,Vishnu Prakash R Punglia Limited,10
VRAJ,Vraj Iron and Steel Limited,10
VRLLOG,VRL Logistics Limited,10
VSSL,Vardhman Special Steels Limited,10
VSTIND,VST Industries Limited,10
VSTL,Vibhor Steel Tubes Limited,10
VSTTILLERS,V.S.T Tillers Tractors Limited,10
VTL,Vardhman Textiles Limited,2
WAAREEENER,Waaree Energies Limited,10
WAAREERTL,Waaree Renewable Technologies Limited,2
WABAG,VA Tech Wabag Limited,2
WALCHANNAG,Walchandnagar Industries Limited,2
WANBURY,Wanbury Limited,10
WCIL,Western Carriers (India) Limited,5
WEALTH,Wealth First Portfolio Managers Limited,10
WEBELSOLAR,Websol Energy System Limited,1
WEIZMANIND,Weizmann Limited,10
WEL,Wonder Electricals Limited,1
WELCORP,Welspun Corp Limited,5
WELENT,Welspun Enterprises Limited,10
WELINV,Welspun Investments and Commercials Limited,10
WELSPUNLIV,Welspun Living Limited,1
WENDT,Wendt (India) Limited,10
WESTLIFE,WESTLIFE FOODWORLD LIMITED,2
WEWORK,WeWork India Management Limited,10
WHEELS,Wheels India Limited,10
WHIRLPOOL,Whirlpool of India Limited,10
WILLAMAGOR,Williamson Magor & Company Limited,10
WINDLAS,Windlas Biotech Limited,5
WINDMACHIN,Windsor Machines Limited,2
WIPL,The Western India Plywoods Limited,10
WIPRO,Wipro Limited,2
WOCKPHARMA,Wockhardt Limited,5
WONDERLA,Wonderla Holidays Limited,10
WORTHPERI,Worth Peripherals Limited,10
WSI,W S Industries (I) Limited,10
WSTCSTPAPR,West Coast Paper Mills Limited,2
XCHANGING,Xchanging Solutions Limited,10
XPROINDIA,Xpro India Limited,10
XTGLOBAL,Xtglobal Infotech Limited,1
YASHO,Yasho Industries Limited,10
YATHARTH,Yatharth Hospital & Trauma Care Services Limited,10
YATRA,Yatra Online Limited,1
YESBANK,Yes Bank Limited,2
YUKEN,Yuken India Limited,10
ZAGGLE,Zaggle Prepaid Ocean Services Limited,1
ZEEL,Zee Entertainment Enterprises Limited,1
ZEELEARN,Zee Learn Limited,1
ZEEMEDIA,Zee Media Corporation Limited,1
ZENITHEXPO,Zenith Exports Limited,10
ZENITHSTL,Zenith Steel Pipes & Industries Limited,10
ZENSARTECH,Zensar Technologies Limited,2
ZENTEC,Zen Technologies Limited,1
ZFCVINDIA,ZF Commercial Vehicle Control Systems India Limited,5
ZIMLAB,Zim Laboratories Limited,10
ZODIAC,Zodiac Energy Limited,10
ZODIACLOTH,Zodiac Clothing Company Limited,10
ZOTA,Zota Health Care LImited,10
ZUARI,Zuari Agro Chemicals Limited,10
ZUARIIND,ZUARI INDUSTRIES LIMITED,10
ZYDUSLIFE,Zydus Lifesciences Limited,1
ZYDUSWELL,Zydus Wellness Limited,2
